name,brand,category,abv,volume_ml,origin,avg_price,tasting_notes,source,verified
김천 배금도가,배금도가,makgeolli,12,500,한국,,탁주,thesool,true
삼해주,선인양조,makgeolli,15,500,한국,,탁주,thesool,true
맵시 막걸리 화이트,기억브루어리,makgeolli,6,770,한국,,탁주,thesool,true
인천 생 소성주,인천탁주,makgeolli,5,750,한국,,탁주,thesool,true
옛날막걸리 古,국순당 횡성양조장,makgeolli,8,750,한국,,탁주,thesool,true
온섶,서울효모방,makgeolli,12.8,500,한국,,탁주,thesool,true
새송이 쌀막걸리 정,영덕주조,makgeolli,6,750,한국,,탁주,thesool,true
너디호프,농업회사법인 상주주조(주),makgeolli,5,700,한국,,탁주,thesool,true
연희매화,같이양조장,makgeolli,12,375,한국,,탁주,thesool,true
마크홀리 오리지널 6.0,어메이징브루잉컴퍼니,makgeolli,6,650,한국,,탁주,thesool,true
소풍,몬스터빌리지,makgeolli,5.5,750,한국,,탁주,thesool,true
생딸기 막걸리,농업회사법인 상주주조(주),makgeolli,6,750,한국,,탁주,thesool,true
배꽃 필 무렵,예술주조,makgeolli,9,140,한국,,탁주,thesool,true
백구막걸리,한통술양조장,makgeolli,8,330,한국,,탁주,thesool,true
사일로 막걸리,사일로 브루어리,makgeolli,10,500,한국,,탁주,thesool,true
안양동동주,안양주조장,makgeolli,6,1700,한국,,탁주,thesool,true
설성 만월 막걸리,병영주조장,makgeolli,6,750,한국,,탁주,thesool,true
이상헌 탁주,이가수불,makgeolli,14,500,한국,,탁주,thesool,true
달,농업회사법인 ㈜별빛드리운못,makgeolli,12,480,한국,,탁주,thesool,true
벗이랑 마일드,석이원주조,makgeolli,8,700,한국,,탁주,thesool,true
세종청주생막걸리,조은술 세종,makgeolli,6,750,한국,,탁주,thesool,true
한강의설레임,김포도가두두,makgeolli,11,600,한국,,탁주,thesool,true
까망토끼,술샘,makgeolli,9,375,한국,,탁주,thesool,true
벗이랑 강황,석이원주조,makgeolli,15,500,한국,,탁주,thesool,true
오미자 생막걸리,문경주조,makgeolli,6.5,750,한국,,탁주,thesool,true
맑은내일 스파클링막걸리 Signature,농업회사법인 우포의아침 주식회사,makgeolli,6,970,한국,,탁주,thesool,true
옹근달 본막걸리,옹근달양조장,makgeolli,15,375,한국,,탁주,thesool,true
일월삼주 일주142,빛올양조연구소,makgeolli,14.2,350,한국,,탁주,thesool,true
서울골드,서울양조장,makgeolli,15,500,한국,,탁주,thesool,true
빨간쌀막걸리,복순도가,makgeolli,6.5,935,한국,,탁주,thesool,true
포그막 10,달성주조,makgeolli,10,500,한국,,탁주,thesool,true
매화마름 호랑이 막걸리,배혜정도가,makgeolli,7,375,한국,,탁주,thesool,true
삼선,농업회사법인 두루(주),makgeolli,10,500,한국,,탁주,thesool,true
연꽃담은술,한통술이노베이션주식회사,makgeolli,8,850,한국,,탁주,thesool,true
대관람차,두루미양조장 / 구름아양조장,makgeolli,12,500,한국,,탁주,thesool,true
자작막걸리,양온소온양조장,makgeolli,12,500,한국,,탁주,thesool,true
우곡주,배혜정도가,makgeolli,13,375,한국,,탁주,thesool,true
팔팔막걸리,팔팔양조장,makgeolli,6,750,한국,,탁주,thesool,true
금풍양조 파우치,금풍양조,makgeolli,6.9,1200,한국,,탁주,thesool,true
희양산 막걸리 9도,두술도가,makgeolli,9,750,한국,,탁주,thesool,true
볼빨간막걸리 10,농업회사법인 (주)벗드림,makgeolli,10,500,한국,,탁주,thesool,true
대몽재 1779 생막걸리 12,경주교촌도가 영농조합법인,makgeolli,12,750,한국,,탁주,thesool,true
편백숲산소막걸리12,농업회사법인(주)청산녹수,makgeolli,12,750,한국,,탁주,thesool,true
팔공산미나리 생막걸리,성포양조장,makgeolli,6,750,한국,,탁주,thesool,true
복순도가 손막걸리,복순도가,makgeolli,6.5,935,한국,,탁주,thesool,true
감성 막걸리,주다솜,makgeolli,6,750,한국,,탁주,thesool,true
눈내린여름밤,이대앞양조장,makgeolli,12,375,한국,,탁주,thesool,true
바텐더의막걸리,술담화,makgeolli,14,500,한국,,탁주,thesool,true
빙그르술이춤추다,달빛술래,makgeolli,12,500,한국,,탁주,thesool,true
맑은내일 스파클링 막걸리,우포의아침,makgeolli,5,750,한국,,탁주,thesool,true
줄포 생막걸리,내변산(동진주조),makgeolli,6,750,한국,,탁주,thesool,true
이천쌀생막걸리,오성주조장,makgeolli,6,750,한국,,탁주,thesool,true
유톡자톡,양주도가,makgeolli,6,800,한국,,탁주,thesool,true
광양 생 막걸리 골드,광양주조공사,makgeolli,5,750,한국,,탁주,thesool,true
강냉이 막걸리,용두산 조은술,makgeolli,6,000,한국,,탁주,thesool,true
금학탁주 그린,금풍양조,makgeolli,9.6,750,한국,,탁주,thesool,true
다랭이팜 유자 막걸리,농업회사법인 주식회사 다랭이팜,makgeolli,6,750,한국,,탁주,thesool,true
선산 베이직,선산주조,makgeolli,6,700,한국,,탁주,thesool,true
해창 생막걸리,해창주조장,makgeolli,12,900,한국,,탁주,thesool,true
짝꿍막걸리,한강주조,makgeolli,8,620,한국,,탁주,thesool,true
오산막걸리,농업회사법인 오산양조㈜,makgeolli,6,500,한국,,탁주,thesool,true
톡쏘는 알밤동동,우리술,makgeolli,6,750,한국,,탁주,thesool,true
세종대왕어주 탁주,장희도가,makgeolli,13,500,한국,,탁주,thesool,true
씨(C) 옐로막걸리,씨(C) 막걸리,makgeolli,12,500,한국,,탁주,thesool,true
청춘7도,청해주조,makgeolli,7,500,한국,,탁주,thesool,true
참주가 솔 막걸리,다도참주가,makgeolli,5.5,650,한국,,탁주,thesool,true
시인의마을,이원양조장,makgeolli,10,700,한국,,탁주,thesool,true
청혼 화이트,제이앤제이브루어리유한회사,makgeolli,13,375,한국,,탁주,thesool,true
포도 막걸리,민주술도가,makgeolli,12,500,한국,,탁주,thesool,true
술그리다 생탁주,좋은술,makgeolli,10,500,한국,,탁주,thesool,true
배꽃담은연,술빚는 전가네,makgeolli,10,720,한국,,탁주,thesool,true
보은주,중원당,makgeolli,10,375,한국,,탁주,thesool,true
하얀까마귀,오산양조,makgeolli,8,850,한국,,탁주,thesool,true
보스토끼,한강주조,makgeolli,9,700,한국,,탁주,thesool,true
설하담,리큐랩주식회사,makgeolli,8,950,한국,,탁주,thesool,true
청풍의밤,청풍주조장,makgeolli,10,830,한국,,탁주,thesool,true
양조학당 뜰,양조학당,makgeolli,12,500,한국,,탁주,thesool,true
이천미 예술,그린피엠,makgeolli,14,750,한국,,탁주,thesool,true
선운산의 아침 복분자 막걸리,국순당고창명주㈜,makgeolli,6,750,한국,,탁주,thesool,true
쑥크레,주방장양조장,makgeolli,10,375,한국,,탁주,thesool,true
백련 생막걸리 snow (스노우),신평양조장,makgeolli,6,750,한국,,탁주,thesool,true
춘풍 미주,춘풍양조장,makgeolli,12,375,한국,,탁주,thesool,true
곤드레생막걸리,정선명주,makgeolli,6,750,한국,,탁주,thesool,true
영탁막걸리,예천양조,makgeolli,6,750,한국,,탁주,thesool,true
냥이탁주 화이트,농업회사법인 행주산성주가,makgeolli,10.5,350,한국,,탁주,thesool,true
양촌 생 막걸리,양촌양조,makgeolli,6,750,한국,,탁주,thesool,true
라뽐드세잔,두루미양조장,makgeolli,10,750,한국,,탁주,thesool,true
신선주 탁주,농업회사법인 (주)신선,makgeolli,12,375,한국,,탁주,thesool,true
복순도가 슈퍼드라이,복순도가,makgeolli,6.5,935,한국,,탁주,thesool,true
바랑 탁,금계당,makgeolli,15,375,한국,,탁주,thesool,true
온지 쑥,온지술도가,makgeolli,10,500,한국,,탁주,thesool,true
화천용화산,농업회사법인㈜화천주가,makgeolli,10,750,한국,,탁주,thesool,true
호두땅콩막걸리,배혜정도가,makgeolli,6,750,한국,,탁주,thesool,true
딸기아랑주,밀향,makgeolli,6,750,한국,,탁주,thesool,true
담진주,내올담 양조장,makgeolli,9,500,한국,,탁주,thesool,true
옛날 생동동주,남도탁주,makgeolli,6,750,한국,,탁주,thesool,true
나루 생 막걸리 11.5도,한강주조,makgeolli,11.5,500,한국,,탁주,thesool,true
우리밀 막걸리 향수,이원양조장,makgeolli,9,700,한국,,탁주,thesool,true
편백숲산소막걸리9,농업회사법인(주)청산녹수,makgeolli,9,750,한국,,탁주,thesool,true
병영설성 동동주,병영양조장,makgeolli,6,1700,한국,,탁주,thesool,true
청탁막걸리,금정산성토산주,makgeolli,5,750,한국,,탁주,thesool,true
지리산 허브잎 술,지리산운봉주조영농조합,makgeolli,6,750,한국,,탁주,thesool,true
술취한 원숭이,술샘,makgeolli,10.8,375,한국,,탁주,thesool,true
동해동동주,동해명주,makgeolli,6,750,한국,,탁주,thesool,true
옹기 막걸리,배상면주가,makgeolli,7,1980,한국,,탁주,thesool,true
가와지탁주,배다리도가,makgeolli,7.5,500,한국,,탁주,thesool,true
감천막걸리,농업회사법인 주식회사 벗드림,makgeolli,6,750,한국,,탁주,thesool,true
장홍삼 장수 막걸리,서울장수(주),makgeolli,6,750,한국,,탁주,thesool,true
성포 생막걸리,성포양조장,makgeolli,6,750,한국,,탁주,thesool,true
일곱쌀,한아양조,makgeolli,7,500,한국,,탁주,thesool,true
경탁주 12도,제이1 농업회사법인㈜,makgeolli,12,500,한국,,탁주,thesool,true
이화백주 순탁주,이화백주,makgeolli,6,940,한국,,탁주,thesool,true
낙천 옥수수 생동동주,낙천 탁주제조장,makgeolli,5,1700,한국,,탁주,thesool,true
냥이탁주 9도,행주산성주가,makgeolli,9,350,한국,,탁주,thesool,true
스톰탁주,밀양클래식술도가,makgeolli,6,500,한국,,탁주,thesool,true
우렁이쌀 손 막걸리,양촌양조,makgeolli,7.5,750,한국,,탁주,thesool,true
가야 프리미엄 막걸리,가야양조장,makgeolli,6,750,한국,,탁주,thesool,true
일엽편주,농암종택 전통주,makgeolli,12,750,한국,,탁주,thesool,true
마스로제,마스브루어리,makgeolli,12,765,한국,,탁주,thesool,true
님 그리다,가야양조장,makgeolli,6,750,한국,,탁주,thesool,true
손가네 태종대 개똥쑥생막걸리,태종대양조,makgeolli,6,750,한국,,탁주,thesool,true
만강에 비친 달,예술주조,makgeolli,10,500,한국,,탁주,thesool,true
너디로제,상주주조,makgeolli,5.5,700,한국,,탁주,thesool,true
산수화,오산양조,makgeolli,13,700,한국,,탁주,thesool,true
단홍,서울효모방,makgeolli,13.5,500,한국,,탁주,thesool,true
연희민트,같이양조장,makgeolli,9,375,한국,,탁주,thesool,true
담향 대대포 블루,농업회사법인 (주)죽향도가,makgeolli,6,600,한국,,탁주,thesool,true
풍정사계 추(秋),풍정사계(화양),makgeolli,12,500,한국,,탁주,thesool,true
일지춘 10,노금주가,makgeolli,10,500,한국,,탁주,thesool,true
기다림 34,제이케이크래프트,makgeolli,12,500,한국,,탁주,thesool,true
은하수 별헤는밤,농업회사법인(주)발효공방1991,makgeolli,12,500,한국,,탁주,thesool,true
민주허브막걸리,농업회사법인 민주술도가 주식회사,makgeolli,14,500,한국,,탁주,thesool,true
주연향 화이트,농업회사법인 주식회사 주연향,makgeolli,15,375,한국,,탁주,thesool,true
씨(C) 그린막걸리,씨(C) 막걸리,makgeolli,12,500,한국,,탁주,thesool,true
동정춘,농업회사법인㈜산수,makgeolli,8,500,한국,,탁주,thesool,true
도문대작 생막걸리,방풍도가,makgeolli,10,750,한국,,탁주,thesool,true
온지오,(주)농업회사법인 온지술도가,makgeolli,10,500,한국,,탁주,thesool,true
골목막걸리 프리미엄 12,골목양조장,makgeolli,12,350,한국,,탁주,thesool,true
벗이랑 조릿대 산죽,석이원주조,makgeolli,15,500,한국,,탁주,thesool,true
담은 블랙,포천일동막걸리,makgeolli,6.5,750,한국,,탁주,thesool,true
오매백주,농업회사법인 오산양조(주),makgeolli,12,500,한국,,탁주,thesool,true
청명주 탁주(생주),중원당,makgeolli,12,375,한국,,탁주,thesool,true
대담 13,대밭고을,makgeolli,13,500,한국,,탁주,thesool,true
한탄강 익스프레스,두루미 양조장,makgeolli,12,500,한국,,탁주,thesool,true
지장수 호박막걸리,낙천,makgeolli,6,550,한국,,탁주,thesool,true
지란지교 무화과 탁주,(유)친구들의술지란지교,makgeolli,12,500,한국,,탁주,thesool,true
복순도가 탁주,복순도가,makgeolli,10,935,한국,,탁주,thesool,true
라봉,다도참주가,makgeolli,5.5,650,한국,,탁주,thesool,true
백년친구 풍기홍삼막걸리,만수주조(영농조합법인),makgeolli,6,750,한국,,탁주,thesool,true
대대포 막걸리,농업회사법인 (주)담양죽향도가,makgeolli,6,750,한국,,탁주,thesool,true
시향가,농업회사법인 시향가(주),makgeolli,8,500,한국,,탁주,thesool,true
바람의 노래,예술주조,makgeolli,11,500,한국,,탁주,thesool,true
연희유자,같이양조장,makgeolli,10,375,한국,,탁주,thesool,true
나루 생 막걸리 6도,한강주조,makgeolli,6,935,한국,,탁주,thesool,true
과천미주,과천도가,makgeolli,9,500,한국,,탁주,thesool,true
써드 (3rd),도반주조,makgeolli,9,500,한국,,탁주,thesool,true
아임프리,술샘,makgeolli,9,500,한국,,탁주,thesool,true
백자주,농업회사법인㈜산수,makgeolli,10,500,한국,,탁주,thesool,true
부자 송산포도,배혜정도가,makgeolli,9,375,한국,,탁주,thesool,true
야관문 쌀 막걸리,지리산운봉주조영농조합,makgeolli,6,750,한국,,탁주,thesool,true
해창 막걸리 9도,해창주조장,makgeolli,9,900,한국,,탁주,thesool,true
1000억 유산균 막걸리,국순당 횡성양조장,makgeolli,5,750,한국,,탁주,thesool,true
세오녀탁주,동해명주,makgeolli,6,750,한국,,탁주,thesool,true
시향가 프리미엄,시향가,makgeolli,10,375,한국,,탁주,thesool,true
이화주,양주골이가,makgeolli,8.5,120,한국,,탁주,thesool,true
토끼구름,운곡도가,makgeolli,6.8,750,한국,,탁주,thesool,true
청량주,법전양조장,makgeolli,6,750,한국,,탁주,thesool,true
광양 생 막걸리,광양주조공사,makgeolli,5,750,한국,,탁주,thesool,true
서울야행,몽타주조,makgeolli,8,360,한국,,탁주,thesool,true
벼리,백년주조,makgeolli,6,935,한국,,탁주,thesool,true
소백산생막걸리,용두산조은술,makgeolli,6,750,한국,,탁주,thesool,true
아이원 막걸리,이원양조장,makgeolli,6,750,한국,,탁주,thesool,true
북극곰 막걸리,동해명주,makgeolli,6,750,한국,,탁주,thesool,true
호모루덴스,산수양조장,makgeolli,12,500,한국,,탁주,thesool,true
황감찰,운곡도가,makgeolli,8,750,한국,,탁주,thesool,true
동백우리쌀생막걸리,(주)동백양조,makgeolli,6,750,한국,,탁주,thesool,true
오곡 진상주,대강양조장,makgeolli,7,750,한국,,탁주,thesool,true
미인탁주,최행숙전통주가,makgeolli,10,500,한국,,탁주,thesool,true
생 청주 막걸리,조은술 세종,makgeolli,6,750,한국,,탁주,thesool,true
솜솜 막걸리,마깨주,makgeolli,8,375,한국,,탁주,thesool,true
영일만친구 막걸리,동해명주,makgeolli,6,750,한국,,탁주,thesool,true
맵시 막걸리 레드라벨,기억브루어리,makgeolli,5,770,한국,,탁주,thesool,true
가평 잣 생막걸리,우리술,makgeolli,6,750,한국,,탁주,thesool,true
붉은 원숭이,술샘,makgeolli,10.8,375,한국,,탁주,thesool,true
고향인삼막걸리,(주) 찬우물,makgeolli,6,750,한국,,탁주,thesool,true
오미자씨,두술도가,makgeolli,7.8,650,한국,,탁주,thesool,true
황도배기 햅쌀막걸리,우리술,makgeolli,6,900,한국,,탁주,thesool,true
톡쏘는 옥수수동동,우리술,makgeolli,6,750,한국,,탁주,thesool,true
동백 꽃이 피었습니다,동백1917,makgeolli,9,500,한국,,탁주,thesool,true
쌀은 원래 달다 9도,인천탁주,makgeolli,9,700,한국,,탁주,thesool,true
연천 율무 동동주,농업회사법인 연천양조㈜,makgeolli,14,750,한국,,탁주,thesool,true
왕피천을 품은 미소생막걸리,울진술도가,makgeolli,7,750,한국,,탁주,thesool,true
서촌막걸리15,온지술도가,makgeolli,15,500,한국,,탁주,thesool,true
안성맞춤 생막걸리,한주양조,makgeolli,6,1000,한국,,탁주,thesool,true
오래된노래,(농)(주) 우창(두루미양조장),makgeolli,10,750,한국,,탁주,thesool,true
이화주 참,백주도가,makgeolli,9,150,한국,,탁주,thesool,true
별산오디 스파클링 막걸리,양주도가,makgeolli,6,800,한국,,탁주,thesool,true
숨은골 탁주,주식회사 공동체공간 수작,makgeolli,12,500,한국,,탁주,thesool,true
역전주,역전양조장 (역전회관),makgeolli,9,600,한국,,탁주,thesool,true
이스탄불 딜라이트,오산양조,makgeolli,11,500,한국,,탁주,thesool,true
동래아들,제이케이크래프트,makgeolli,6,750,한국,,탁주,thesool,true
사화정미소,농업회사법인 우포의아침 주식회사,makgeolli,12,480,한국,,탁주,thesool,true
청명탁주,중원당,makgeolli,12,375,한국,,탁주,thesool,true
말이야 막걸리야,시향가,makgeolli,6,200,한국,,탁주,thesool,true
톡쏘는 쌀 막걸리,우리술,makgeolli,6,750,한국,,탁주,thesool,true
열두쌀,한아양조,makgeolli,12,500,한국,,탁주,thesool,true
세종 알밤주,조은술 세종,makgeolli,6,750,한국,,탁주,thesool,true
아이싱 자몽,국순당 횡성양조장,makgeolli,4,350,한국,,탁주,thesool,true
선산 스위트,선산주조,makgeolli,8,750,한국,,탁주,thesool,true
왕매실 막걸리,순성왕매실영농조합,makgeolli,6,750,한국,,탁주,thesool,true
도구막걸리,동해명주,makgeolli,6,750,한국,,탁주,thesool,true
구암대추막걸리,구암농산,makgeolli,6,1000,한국,,탁주,thesool,true
석탄주 탁주,케이소주,makgeolli,15,500,한국,,탁주,thesool,true
호심,농업회사법인제이앤제이브루어리,makgeolli,17.5,375,한국,,탁주,thesool,true
얼떨결에 퍼플,동강주조,makgeolli,6,935,한국,,탁주,thesool,true
봇뜰 막걸리 10도,봇뜰,makgeolli,10,750,한국,,탁주,thesool,true
우주멜론미 스파클링 막걸리,농업회사법인 시향가,makgeolli,5,300,한국,,탁주,thesool,true
맑은내일 발효막걸리 Signature,농업회사법인 우포의아침 주식회사,makgeolli,6.5,930,한국,,탁주,thesool,true
미담,(주)성광주조,makgeolli,6,750,한국,,탁주,thesool,true
얼떨결에 옐로,동강주조,makgeolli,6,935,한국,,탁주,thesool,true
고타다이브,농업회사법인 두루㈜,makgeolli,6,730,한국,,탁주,thesool,true
딸링 막걸리,다도참주가,makgeolli,5.5,650,한국,,탁주,thesool,true
힙걸리,봄내양조장,makgeolli,6,500,한국,,탁주,thesool,true
봉하쌀 생막걸리,농업회사법인 (주)봉하마을,makgeolli,6,750,한국,,탁주,thesool,true
아임프리6.0,술샘,makgeolli,6,500,한국,,탁주,thesool,true
메들리손막걸리,메들리 주식회사,makgeolli,8,375,한국,,탁주,thesool,true
벗이랑 버찌 홍국,석이원주조,makgeolli,15,500,한국,,탁주,thesool,true
문삼이공(moon320) 잣 주,마마스팜,makgeolli,12,500,한국,,탁주,thesool,true
여수밤바다 옥수수막걸리,새순천양조영농조합법인,makgeolli,6,750,한국,,탁주,thesool,true
담은,(주)1932포천일동막걸리,makgeolli,6.5,750,한국,,탁주,thesool,true
장수 생막걸리,서울장수주식회사,makgeolli,6,750,한국,,탁주,thesool,true
불로생우리쌀막걸리,불로생우리쌀막걸리,makgeolli,6,750,한국,,탁주,thesool,true
김포 막걸리,김포양조,makgeolli,6,750,한국,,탁주,thesool,true
산천어막걸리,화천주가,makgeolli,6,750,한국,,탁주,thesool,true
지리산 허브잎술 쌀 막걸리,지리산운봉주조영농조합,makgeolli,6,750,한국,,탁주,thesool,true
문콕,마마스팜,makgeolli,8,500,한국,,탁주,thesool,true
부자,배혜정도가,makgeolli,10,375,한국,,탁주,thesool,true
화전일취12,농업회사법인 주식회사 지시울,makgeolli,12,500,한국,,탁주,thesool,true
문희 탁주,문경주조,makgeolli,13,700,한국,,탁주,thesool,true
호땅,배혜정도가,makgeolli,6,750,한국,,탁주,thesool,true
병영설성 생막걸리,병영양조장,makgeolli,6,750,한국,,탁주,thesool,true
배꽃 필 무렵,예술주조,makgeolli,9,20,한국,,탁주,thesool,true
미생 막걸리,김포금쌀탁주 영농조합법인,makgeolli,6,750,한국,,탁주,thesool,true
완도유자막걸리,고금주조장,makgeolli,6,750,한국,,탁주,thesool,true
씨(C) 막걸리 시그니처 큐베,씨(C) 막걸리,makgeolli,12,500,한국,,탁주,thesool,true
호랑이 생 막걸리,배혜정도가,makgeolli,6,750,한국,,탁주,thesool,true
이화주,국순당 횡성양조장,makgeolli,12.5,400,한국,,탁주,thesool,true
볼빨간막걸리 7,벗드림양조장,makgeolli,7,500,한국,,탁주,thesool,true
이화주(술샘),술샘,makgeolli,8,,한국,,탁주,thesool,true
백년향,추연당,makgeolli,10,500,한국,,탁주,thesool,true
소양강 생 막걸리,"소양강도가(구, 천정양조장)",makgeolli,6,750,한국,,탁주,thesool,true
생 옥수수 동동주,배혜정도가,makgeolli,6,750,한국,,탁주,thesool,true
2017년 햅쌀로 빚은 첫술,국순당 횡성양조장,makgeolli,7,750,한국,,탁주,thesool,true
선희주,중원당,makgeolli,12,375,한국,,탁주,thesool,true
대대포9,죽향도가,makgeolli,9,600,한국,,탁주,thesool,true
유자향주,청정영농조합법인,makgeolli,6,750,한국,,탁주,thesool,true
술아 핸드메이드 막걸리,술아원,makgeolli,8,450,한국,,탁주,thesool,true
방문주 탁주,케이소주,makgeolli,15,500,한국,,탁주,thesool,true
송도막걸리,농업회사법인송도향(유),makgeolli,6,700,한국,,탁주,thesool,true
탁112클래식,탁브루,makgeolli,12,750,한국,,탁주,thesool,true
고향춘,술빚는 전가네,makgeolli,10,350,한국,,탁주,thesool,true
14도 자색고구마 막걸리,12월의 양조장,makgeolli,14,375,한국,,탁주,thesool,true
기다림 16,제이케이크래프트,makgeolli,9,750,한국,,탁주,thesool,true
느린마을 막걸리,배상면주가,makgeolli,6,750,한국,,탁주,thesool,true
에피소드,밝은세상영농조합,makgeolli,9,750,한국,,탁주,thesool,true
고메순,한사도가,makgeolli,6,1000,한국,,탁주,thesool,true
패치배치 만다린,제주곶밭,makgeolli,8,600,한국,,탁주,thesool,true
금학탁주 골드,금풍양조,makgeolli,13,750,한국,,탁주,thesool,true
청주신선주탁주,농업회사법인㈜신선,makgeolli,10,500,한국,,탁주,thesool,true
방풍 막걸리,금오도섬마을,makgeolli,10,500,한국,,탁주,thesool,true
관악산생막걸리,별네트웍스 과천도가,makgeolli,6,1000,한국,,탁주,thesool,true
별산막걸리,양주도가,makgeolli,6.5,800,한국,,탁주,thesool,true
양촌 생 동동주,양촌양조,makgeolli,10,750,한국,,탁주,thesool,true
와구리 막걸리 세미스위트,맑은내일,makgeolli,5,480,한국,,탁주,thesool,true
도깨비술 9,도깨비양조장,makgeolli,9,750,한국,,탁주,thesool,true
산막 생유 막걸리,농업회사법인 신탄진주조(주),makgeolli,6,750,한국,,탁주,thesool,true
까메오 막걸리,낙천,makgeolli,6,550,한국,,탁주,thesool,true
양지백주,양지술곳간,makgeolli,15,500,한국,,탁주,thesool,true
오희 스파클링 막걸리,문경주조,makgeolli,8.5,500,한국,,탁주,thesool,true
하얀연꽃 백련막걸리,신평양조장,makgeolli,7,375,한국,,탁주,thesool,true
마크홀리 핑크,홀리워터,makgeolli,10,500,한국,,탁주,thesool,true
희양산 막걸리 15도,두술도가,makgeolli,15,500,한국,,탁주,thesool,true
주홍춘,술빚는 전가네,makgeolli,10,350,한국,,탁주,thesool,true
느린마을막걸리 한번더,배상면주가,makgeolli,11,750,한국,,탁주,thesool,true
연천 아주,농업회사법인 연천양조㈜,makgeolli,8,750,한국,,탁주,thesool,true
행운 생유자 동동주,성포양조장,makgeolli,6,750,한국,,탁주,thesool,true
온지몬,온지술도가,makgeolli,10,500,한국,,탁주,thesool,true
술공방 9.0 막걸리,아리랑주조,makgeolli,9,500,한국,,탁주,thesool,true
정감생막걸리,악양주조,makgeolli,6,750,한국,,탁주,thesool,true
하늘담6 생막걸리,순천주조,makgeolli,6,750,한국,,탁주,thesool,true
술예쁘다 생탁주,좋은술,makgeolli,13,500,한국,,탁주,thesool,true
백수환동주,봇뜰,makgeolli,12,375,한국,,탁주,thesool,true
입장탁주,(농) 입장주조㈜,makgeolli,7,750,한국,,탁주,thesool,true
시향가 미니캔막걸리,시향가주식회사,makgeolli,8,200,한국,,탁주,thesool,true
우리WRY 분홍소금 막걸리,농업회사법인 주식회사 우리서막,makgeolli,12,700,한국,,탁주,thesool,true
미소 생막걸리,울진술도가,makgeolli,7,750,한국,,탁주,thesool,true
설레 7도,몬스터빌리지,makgeolli,7,750,한국,,탁주,thesool,true
너디펀치,상주주조,makgeolli,5,700,한국,,탁주,thesool,true
선희 10,중원당,makgeolli,10,330,한국,,탁주,thesool,true
지리산 정담 생쌀 막걸리,지리산운봉주조영농조합,makgeolli,6,750,한국,,탁주,thesool,true
메로니아,배혜정도가,makgeolli,4,750,한국,,탁주,thesool,true
세종 쌀막걸리,조은술 세종,makgeolli,6,750,한국,,탁주,thesool,true
백경13 화이트,농업회사법인 주식회사 백경증류소,makgeolli,13,500,한국,,탁주,thesool,true
달막,월광주조,makgeolli,13,500,한국,,탁주,thesool,true
천비향 오양주 탁주,좋은술,makgeolli,14,500,한국,,탁주,thesool,true
우렁이쌀 손막걸리 DRY,양촌양조,makgeolli,7.5,500,한국,,탁주,thesool,true
고향생막걸리,(주) 찬우물,makgeolli,6,750,한국,,탁주,thesool,true
선호 생막걸리,김포금쌀탁주영농조합법인,makgeolli,6,750,한국,,탁주,thesool,true
얼떨결에,동강주조,makgeolli,6,920,한국,,탁주,thesool,true
고타 하이크,두루양조 용소주,makgeolli,6,750,한국,,탁주,thesool,true
연희장미,같이양조장,makgeolli,10,375,한국,,탁주,thesool,true
궁예의 눈물,술빚는 전가네,makgeolli,10,720,한국,,탁주,thesool,true
본,(농)(주) 우창(두루미양조장),makgeolli,17,375,한국,,탁주,thesool,true
호랑이배꼽,밝은세상영농조합,makgeolli,6.5,350,한국,,탁주,thesool,true
지란지교 프리미엄 탁주,농업회사법인 (유)지란지교,makgeolli,13,500,한국,,탁주,thesool,true
한탄강익스프레스,(농)(주) 우창(두루미양조장),makgeolli,12,500,한국,,탁주,thesool,true
우도땅콩전통주,조은술 세종,makgeolli,6,750,한국,,탁주,thesool,true
천마이야기 막걸리,농업회사법인산들벗(주),makgeolli,6,750,한국,,탁주,thesool,true
한통의 구절초꽃술,한통술,makgeolli,11,850,한국,,탁주,thesool,true
인천 소성주 플러스,인천탁주,makgeolli,6,750,한국,,탁주,thesool,true
금학탁주 블랙,금풍양조,makgeolli,9.6,750,한국,,탁주,thesool,true
삼양춘 생탁주,송도향전통주조,makgeolli,12.5,500,한국,,탁주,thesool,true
편백숲 산소막걸리 딸기 스파클링,농업회사법인(주)청산녹수,makgeolli,6.8,940,한국,,탁주,thesool,true
열대야,날씨양조장,makgeolli,9,750,한국,,탁주,thesool,true
송명섭 막걸리,태인합동주조장,makgeolli,6,500,한국,,탁주,thesool,true
호호막걸리,중원당,makgeolli,9,375,한국,,탁주,thesool,true
다랭이팜 생막걸리,농업회사법인 주식회사 다랭이팜,makgeolli,6,750,한국,,탁주,thesool,true
월탁,한국술도가,makgeolli,13.1,500,한국,,탁주,thesool,true
부안참뽕막걸리,동진주조,makgeolli,6,950,한국,,탁주,thesool,true
숲향벼꽃 술도깨비,까치설,makgeolli,5.8,500,한국,,탁주,thesool,true
인생막걸리,서울장수(주),makgeolli,5,750,한국,,탁주,thesool,true
월매 쌀막걸리(캔),서울장수㈜,makgeolli,6,350,한국,,탁주,thesool,true
지평 이랑이랑,지평주조,makgeolli,5,750,한국,,탁주,thesool,true
술헤는밤,두루전통양조,makgeolli,8,750,한국,,탁주,thesool,true
홍천강 탁주,예술주조,makgeolli,11,500,한국,,탁주,thesool,true
맵시 막걸리 블랙라벨,기억브루어리,makgeolli,10,750,한국,,탁주,thesool,true
연오랑탁주,동해명주,makgeolli,12,750,한국,,탁주,thesool,true
백년친구 쌀막걸리,만수주조(영농조합법인),makgeolli,6,750,한국,,탁주,thesool,true
하얀연꽃 백련생막걸리,신평양조장,makgeolli,7,375,한국,,탁주,thesool,true
금풍양조,금풍양조장,makgeolli,6.9,750,한국,,탁주,thesool,true
호담 산양산삼 막걸리,대농바이오우리산삼,makgeolli,6,750,한국,,탁주,thesool,true
국순당 생막걸리,국순당 횡성양조장,makgeolli,6,750,한국,,탁주,thesool,true
걍즐겨,디오케이브루어리,makgeolli,8,600,한국,,탁주,thesool,true
구름을 벗삼아,문경주조,makgeolli,12,750,한국,,탁주,thesool,true
해남찹쌀생막걸리,삼산주조장,makgeolli,9,750,한국,,탁주,thesool,true
희양산 생막걸리 9도,두술도가,makgeolli,9,650,한국,,탁주,thesool,true
금정산성막걸리,금정산성토산주,makgeolli,8,750,한국,,탁주,thesool,true
양조학당 녘,한국양조연구소,etc,13,500,한국,,약주/청주,thesool,true
모든날에,양양술곳간,etc,15,500,한국,,약주/청주,thesool,true
하늘,달빛술래,etc,18,375,한국,,약주/청주,thesool,true
민들레대포,배상면주가,etc,13,330,한국,,약주/청주,thesool,true
별바랑,금계당,etc,17.5,375,한국,,약주/청주,thesool,true
사시통음주,국순당 횡성양조장,etc,18,550,한국,,약주/청주,thesool,true
동몽,예술주조,etc,17,500,한국,,약주/청주,thesool,true
서설,술샘,etc,13,375,한국,,약주/청주,thesool,true
예담은 한산소곡주,한산예담은소곡주,etc,16,750,한국,,약주/청주,thesool,true
마루나약주,아토양조장,etc,15,375,한국,,약주/청주,thesool,true
달 15%,술로우,etc,15,375,한국,,약주/청주,thesool,true
주연향 레드,농업회사법인 주식회사 주연향,etc,15,375,한국,,약주/청주,thesool,true
청혼 블루,제이앤제이브루어리유한회사,etc,15,375,한국,,약주/청주,thesool,true
백세주,국순당 횡성양조장,etc,13,375,한국,,약주/청주,thesool,true
김포별주,김포양조,etc,13,500,한국,,약주/청주,thesool,true
스물아홉,농업회사법인 ㈜우창,etc,12,375,한국,,약주/청주,thesool,true
호산춘,문경호산춘,etc,18,700,한국,,약주/청주,thesool,true
그리움,술샘,etc,14,700,한국,,약주/청주,thesool,true
솔송주,솔송주,etc,13,700,한국,,약주/청주,thesool,true
동학 1957,고헌정영농조합법인,etc,13,375,한국,,약주/청주,thesool,true
청혼골드,제이앤제이브루어리,etc,19.5,375,한국,,약주/청주,thesool,true
대통대잎술,추성고을,etc,15,700,한국,,약주/청주,thesool,true
성읍민속마을 오메기술,술다끄는집,etc,12,375,한국,,약주/청주,thesool,true
연월주,술아원,etc,20,375,한국,,약주/청주,thesool,true
명인 홍삼주,금산인삼주,etc,12.5,360,한국,,약주/청주,thesool,true
백련 맑은술,신평양조장,etc,12,375,한국,,약주/청주,thesool,true
청양둔송구기주,청양둔송구기주,etc,16,700,한국,,약주/청주,thesool,true
오마이갓스파클링,농업회사법인송도향 유한회사,etc,9,500,한국,,약주/청주,thesool,true
밤꽃향기,사곡양조장,etc,13.5,375,한국,,약주/청주,thesool,true
술아 순곡주,술아원,etc,20,375,한국,,약주/청주,thesool,true
하얀연꽃 백련맑은 술,신평양조장,etc,12,375,한국,,약주/청주,thesool,true
화전일취15,농업회사법인 주식회사 지시울,etc,15,375,한국,,약주/청주,thesool,true
고흥유자주 12,어떤하루,etc,12,500,한국,,약주/청주,thesool,true
복단지,술아원,etc,14,350,한국,,약주/청주,thesool,true
지리산 강쇠,농업회사법인(유)술소리,etc,13,375,한국,,약주/청주,thesool,true
만다린약주,제주곶밭,etc,12,375,한국,,약주/청주,thesool,true
청명주,한영석의 발효연구소,etc,13.8,375,한국,,약주/청주,thesool,true
미인약주,최행숙전통주가,etc,15,500,한국,,약주/청주,thesool,true
별,내국양조,etc,20,375,한국,,약주/청주,thesool,true
술아 매화주,술아원,etc,15,375,한국,,약주/청주,thesool,true
아황주,최행숙전통주가,etc,17,500,한국,,약주/청주,thesool,true
설련주,영농조합법인 석전상온전통주가,etc,16,750,한국,,약주/청주,thesool,true
노미,내촌주조,etc,18,700,한국,,약주/청주,thesool,true
지란지교 약주,(유)친구들의술지란지교,etc,17,375,한국,,약주/청주,thesool,true
감사블루,술샘,etc,14,375,한국,,약주/청주,thesool,true
세종 오가닉,조은술 세종,etc,13,375,한국,,약주/청주,thesool,true
주교주,배다리도가,etc,16,500,한국,,약주/청주,thesool,true
석탄주 약주,케이소주(전주가양주연구소),etc,15,500,한국,,약주/청주,thesool,true
화전일취18백화,농업회사법인 주식회사 지시울,etc,18,375,한국,,약주/청주,thesool,true
대나무술,백운주가,etc,11,375,한국,,약주/청주,thesool,true
맑은 문희주,문경주조,etc,13,750,한국,,약주/청주,thesool,true
댄싱파파,댄싱사이더 컴퍼니,etc,15,375,한국,,약주/청주,thesool,true
대담 15,대밭고을,etc,15,500,한국,,약주/청주,thesool,true
자자헌주,석이원주조,etc,13,500,한국,,약주/청주,thesool,true
경산대추약주 추,미송주가,etc,16,375,한국,,약주/청주,thesool,true
면천두견주 700,면천두견주,etc,18,700,한국,,약주/청주,thesool,true
일엽편주,농암종택 전통주,etc,15,375,한국,,약주/청주,thesool,true
천상문,한산소곡주,etc,18,500,한국,,약주/청주,thesool,true
선셋 체리스파클링,시향가,etc,5,300,한국,,약주/청주,thesool,true
유기농이도 14,조은술 세종,etc,14,750,한국,,약주/청주,thesool,true
청세주,병영주조장,etc,18,375,한국,,약주/청주,thesool,true
보성 강하주,보성강하주,etc,15,350,한국,,약주/청주,thesool,true
복순도가 과하주,복순도가,etc,15,750,한국,,약주/청주,thesool,true
복순도가 약주,복순도가,etc,10,750,한국,,약주/청주,thesool,true
감싸주는날,농업회사법인(주) 두레박,etc,16,750,한국,,약주/청주,thesool,true
만세 보령주,영농조합법인 보령전통주,etc,15,750,한국,,약주/청주,thesool,true
신선주 약주,농업회사법인 (주)신선,etc,16,375,한국,,약주/청주,thesool,true
능이주,내국양조,etc,13,375,한국,,약주/청주,thesool,true
니모메,제주샘주,etc,11,375,한국,,약주/청주,thesool,true
양촌 우렁이쌀 청주,양촌양조,etc,14,500,한국,,약주/청주,thesool,true
화전일취18 백화,농업회사법인주식회사지시울,etc,18,500,한국,,약주/청주,thesool,true
맑은술 해밀,내변산양조장,etc,15,500,한국,,약주/청주,thesool,true
예화,농업회사법인 대윤가야곡주조(주),etc,13,750,한국,,약주/청주,thesool,true
방문주 약주,케이소주,etc,15,500,한국,,약주/청주,thesool,true
아리아리,제이앤제이브루어리,etc,12,500,한국,,약주/청주,thesool,true
대천바다 금빛,명주도가,etc,16,300,한국,,약주/청주,thesool,true
면천두견주 360,면천두견주,etc,18,360,한국,,약주/청주,thesool,true
두두물물 약주,농업회사법인 ㈜수블가,etc,15,375,한국,,약주/청주,thesool,true
농담,(농)(주) 우창(두루미양조장),etc,16,375,한국,,약주/청주,thesool,true
사임주,㈜사리원,etc,16,500,한국,,약주/청주,thesool,true
꿈의 대화 약주,꿈브루어리,etc,13,375,한국,,약주/청주,thesool,true
맑은바당,술도가 제주바당,etc,15,375,한국,,약주/청주,thesool,true
제주곶밭 제주메밀 맑은술,제주곶밭,etc,16,375,한국,,약주/청주,thesool,true
홍매반개주,술빚는 전가네,etc,15,500,한국,,약주/청주,thesool,true
청진주,전통주연구개발원,etc,16,375,한국,,약주/청주,thesool,true
한청,주식회사 초가,etc,15,300,한국,,약주/청주,thesool,true
한산소곡주,한산소곡주,etc,18,700,한국,,약주/청주,thesool,true
왕주,농업회사법인(주)왕주,etc,13,375,한국,,약주/청주,thesool,true
황진이주,농업회사법인(유)술소리,etc,13,375,한국,,약주/청주,thesool,true
한영석 백수환동주,농업회사법인 ㈜한영석의 발효연구소,etc,15,375,한국,,약주/청주,thesool,true
맑은내일 유자,농업회사법인 맑은내일 주식회사,etc,7,735,한국,,약주/청주,thesool,true
김포예주 프리미엄,김포양조,etc,13,750,한국,,약주/청주,thesool,true
순향주,추연당,etc,15,375,한국,,약주/청주,thesool,true
조선주조사,우포의아침,etc,14,700,한국,,약주/청주,thesool,true
석로주,석이원주조,etc,13,720,한국,,약주/청주,thesool,true
나주배약주,정고집,etc,15,500,한국,,약주/청주,thesool,true
석로주,석이원주조,etc,13,700,한국,,약주/청주,thesool,true
한산소곡주 생주,한산소곡주,etc,16,750,한국,,약주/청주,thesool,true
해남진양주,해남진양주,etc,16,375,한국,,약주/청주,thesool,true
메들리아카시아,메들리 주식회사,etc,7,375,한국,,약주/청주,thesool,true
천년담주,죽향도가,etc,15,500,한국,,약주/청주,thesool,true
자희향 국화주,자희자양,etc,15,375,한국,,약주/청주,thesool,true
송절주,국순당 횡성양조장,etc,16.5,550,한국,,약주/청주,thesool,true
청명주 750,중원당,etc,17,750,한국,,약주/청주,thesool,true
청감주,국순당 횡성양조장,etc,11.5,550,한국,,약주/청주,thesool,true
녹파주,솔송주(명가원),etc,15,375,한국,,약주/청주,thesool,true
덕두도가 약주 16도,농업회사법인 (주)덕두도가,etc,16,375,한국,,약주/청주,thesool,true
감사,술샘,etc,14,375,한국,,약주/청주,thesool,true
산막생대덕주,신탄진주조,etc,13,750,한국,,약주/청주,thesool,true
동짓달 기나긴 밤,예술주조,etc,16,500,한국,,약주/청주,thesool,true
만품 산삼가득,대농바이오우리산삼,etc,13,350,한국,,약주/청주,thesool,true
모월 청,모월,etc,16,500,한국,,약주/청주,thesool,true
율,오산양조,etc,13,700,한국,,약주/청주,thesool,true
경주교동법주,교동법주,etc,16,900,한국,,약주/청주,thesool,true
하향주,하향주가,etc,17,750,한국,,약주/청주,thesool,true
과하주 온,양온소 온,etc,18.5,500,한국,,약주/청주,thesool,true
삼양춘 스파클링,삼양춘,etc,13,500,한국,,약주/청주,thesool,true
청명주,중원당,etc,17,500,한국,,약주/청주,thesool,true
송이주,내국양조,etc,13,375,한국,,약주/청주,thesool,true
솔송주,솔송주,etc,13,375,한국,,약주/청주,thesool,true
붉은 산정호주,술빚는 전가네,etc,15,500,한국,,약주/청주,thesool,true
삼양춘 생약주,삼양춘,etc,15,500,한국,,약주/청주,thesool,true
천안연미주,입장주조㈜,etc,13,375,한국,,약주/청주,thesool,true
참주가 우리청주,참주가,etc,11,375,한국,,약주/청주,thesool,true
경성과하주,농업회사법인 (주)술아원,etc,20,375,한국,,약주/청주,thesool,true
술아 연화주,술아원,etc,15,375,한국,,약주/청주,thesool,true
모월 연,모월,etc,13,500,한국,,약주/청주,thesool,true
여민락주,여주육묘영농조합법인,etc,16,500,한국,,약주/청주,thesool,true
느린마을 약주,배상면주가,etc,12,700,한국,,약주/청주,thesool,true
산사춘,배상면주가,etc,12,375,한국,,약주/청주,thesool,true
풍정사계 춘(春),풍정사계(화양),etc,15,500,한국,,약주/청주,thesool,true
맑은내일 운암1945,우포의아침,etc,12,750,한국,,약주/청주,thesool,true
오메기술,제주샘주,etc,13,375,한국,,약주/청주,thesool,true
감자술,오대서주 양조장,etc,13,300,한국,,약주/청주,thesool,true
감자술 13%,오대서주양조,etc,13,700,한국,,약주/청주,thesool,true
심술 7,배상면주가,etc,7,330,한국,,약주/청주,thesool,true
라이스퐁당,벗드림양조장,etc,13,500,한국,,약주/청주,thesool,true
오메기 맑은술,제주고소리술익는집,etc,16,500,한국,,약주/청주,thesool,true
오 마이 갓,삼양춘,etc,14,500,한국,,약주/청주,thesool,true
지란지교,(유)친구들의 술 지란지교,etc,17,500,한국,,약주/청주,thesool,true
보리수헤는밤,백제명가주조,etc,8,375,한국,,약주/청주,thesool,true
김포약주,김포양조,etc,11,750,한국,,약주/청주,thesool,true
애석,농업회사법인 (주)두루,etc,15,500,한국,,약주/청주,thesool,true
미나리싱싱주,조은술세종,etc,14.5,300,한국,,약주/청주,thesool,true
맑은내일 우포,우포의아침,etc,12,325,한국,,약주/청주,thesool,true
김포예주,김포양조,etc,13,750,한국,,약주/청주,thesool,true
김포특주,김포금쌀탁주영농조합법인,etc,15,375,한국,,약주/청주,thesool,true
연천 연주,농업회사법인 연천양조(주),etc,12,500,한국,,약주/청주,thesool,true
마주 소곡주,옥순가 소곡주 마주,etc,16,500,한국,,약주/청주,thesool,true
장보고의 꿈 황칠약주,고금주조장,etc,15,500,한국,,약주/청주,thesool,true
화전일취 15,농업회사법인 주식회사 지시울,etc,15,500,한국,,약주/청주,thesool,true
하타,농업회사법인 신탄진주조㈜,etc,16,500,한국,,약주/청주,thesool,true
세종대왕어주 약주,장희도가,etc,15,500,한국,,약주/청주,thesool,true
자주,국순당 횡성양조장,etc,17,550,한국,,약주/청주,thesool,true
백경15 화이트,농업회사법인 주식회사 백경증류소,etc,15,500,한국,,약주/청주,thesool,true
서주 16%,오대서주양조,etc,16,400,한국,,약주/청주,thesool,true
일월삼주 이주,빛올양조연구소,etc,14.2,350,한국,,약주/청주,thesool,true
담골드,내올담 양조장,etc,12,,한국,,약주/청주,thesool,true
금산인삼주 12.5%,금산인삼주,etc,12.5,360,한국,,약주/청주,thesool,true
천비향 약주 15도,농업회사법인(주)좋은술,etc,15,500,한국,,약주/청주,thesool,true
가야곡왕주,민속주왕주,etc,13,750,한국,,약주/청주,thesool,true
원조소곡주,원조소곡주,etc,16,720,한국,,약주/청주,thesool,true
단상지교,신탄진주조,etc,16,750,한국,,약주/청주,thesool,true
일지춘,노금주가,etc,15,375,한국,,약주/청주,thesool,true
삼양춘 청주,삼양춘,etc,15,500,한국,,약주/청주,thesool,true
모을동주 약주,대작영농조합법인,etc,13,375,한국,,약주/청주,thesool,true
풍정사계 하(夏),풍정사계,etc,18,500,한국,,약주/청주,thesool,true
신선주,용두산조은술,etc,16,750,한국,,약주/청주,thesool,true
일오백화이트,한산소곡주,etc,18,700,한국,,약주/청주,thesool,true
대윤 가야곡 왕주,대윤가야곡주조,etc,13,300,한국,,약주/청주,thesool,true
매화깊은밤,백제명가주조,etc,8,375,한국,,약주/청주,thesool,true
기다림 맑은술,제이케이크래프트,etc,15,500,한국,,약주/청주,thesool,true
고흥유자 08,녹동양조장,etc,8,500,한국,,약주/청주,thesool,true
술아 국화주,술아원,etc,15,375,한국,,약주/청주,thesool,true
초이 국화,초이리브루어리,etc,16,500,한국,,약주/청주,thesool,true
감악산 산머루주,산머루농원,etc,12,360,한국,,과실주,thesool,true
샤토미소 캠벨 스위트 로제,도란원,etc,12,375,한국,,과실주,thesool,true
에델매실와인 스위트,에델농원,etc,13,375,한국,,과실주,thesool,true
P.S 로제 스파클링,시나브로 와이너리(불휘농장),etc,5,750,한국,,과실주,thesool,true
대향 화이트,대향 와이너리,etc,12,750,한국,,과실주,thesool,true
고도리 복숭아와인,고도리 와이너리,etc,6.5,750,한국,,과실주,thesool,true
고도리 로제와인,고도리 와이너리,etc,12,375,한국,,과실주,thesool,true
명가원 산머루주,솔송주,etc,16,750,한국,,과실주,thesool,true
복숭아와인,금이산농원,etc,12,500,한국,,과실주,thesool,true
추시 감와인,양촌와이너리,etc,12.5,750,한국,,과실주,thesool,true
한스오차드,농업회사법인 ㈜한국애플리즈,etc,11,750,한국,,과실주,thesool,true
산머루 크라테 드라이 2022년,수도산와이너리,etc,11.5,750,한국,,과실주,thesool,true
고도리 청수 와인,고도리 와이너리,etc,10.5,750,한국,,과실주,thesool,true
미르아토 샤인머스켓 화이트 스파클링,금용농산,etc,5,750,한국,,과실주,thesool,true
그랑꼬또 레드와인,그린영농조합,etc,12,750,한국,,과실주,thesool,true
샤토미소 퀸 아이스와인,도란원,etc,12,375,한국,,과실주,thesool,true
마셔블랑,시트러스,etc,12,750,한국,,과실주,thesool,true
김천대학교 자두사랑 자두와인,김천대학교 자두사랑,etc,12,750,한국,,과실주,thesool,true
샤토미소 웨딩(자두와인),도란원,etc,12,375,한국,,과실주,thesool,true
연미정 여름,연미정 와이너리,etc,12.3,750,한국,,과실주,thesool,true
끌로너와 머루 스위트,끌로너와,etc,12,750,한국,,과실주,thesool,true
소백산(샤토소백) 스위트 레드와인,산내들 와이너리,etc,12,750,한국,,과실주,thesool,true
시나브로 나르샤 로제와인,시나브로 와이너리(불휘농장),etc,10,500,한국,,과실주,thesool,true
예주,용두산조은술,etc,15,750,한국,,과실주,thesool,true
고창선운산 땡큐복분자주,고창선운산,etc,13,300,한국,,과실주,thesool,true
베베마루 캠벨로제 스위트,월류원,etc,10,375,한국,,과실주,thesool,true
레돔 레드와인,작은알자스,etc,12,750,한국,,과실주,thesool,true
샤토미소 복숭아와인,도란원,etc,9,375,한국,,과실주,thesool,true
너와머루와인,산머루농원영농조합법인,etc,12,500,한국,,과실주,thesool,true
도로시 머루주,산머루농원영농조합법인,etc,12,500,한국,,과실주,thesool,true
헤베,농업회사법인 ㈜한국애플리즈,etc,9,330,한국,,과실주,thesool,true
베베마루 캠밸로제,월류원,etc,12,375,한국,,과실주,thesool,true
멜라 탠저린 과하주 13도,한통술 HANTONGSOOL,etc,13,750,한국,,과실주,thesool,true
사과와인,금이산농원,etc,12,500,한국,,과실주,thesool,true
달 1614 스위트와인,덕유양조,etc,12,750,한국,,과실주,thesool,true
문앞에봄,댄싱사이더컴퍼니,etc,4.5,750,한국,,과실주,thesool,true
신애유자,댄싱사이더 컴퍼니,etc,5,330,한국,,과실주,thesool,true
그랑꼬또 청수,그린영농조합,etc,12,750,한국,,과실주,thesool,true
너브내스파클링사과와인,너브내와이너리,etc,8.5,375,한국,,과실주,thesool,true
P.S 화이트 스파클링,시나브로 와이너리(불휘농장),etc,5,750,한국,,과실주,thesool,true
오가피와인,영농조합법인 금이산농원,etc,12,500,한국,,과실주,thesool,true
맑은내일 Winery 단감명작,농업회사법인 우포의아침 주식회사,etc,7,750,한국,,과실주,thesool,true
고창선운산 땡큐블루베리주,고창선운산,etc,13,300,한국,,과실주,thesool,true
베베마루 설레임 로제 스위트와인,월류원 오드린,etc,12,375,한국,,과실주,thesool,true
고도리 아이스 와인 망고와인,고도리 와이너리,etc,12,375,한국,,과실주,thesool,true
끌로너와 스위트와인,너와마을영동조합,etc,12,750,한국,,과실주,thesool,true
비노 페스티바 화이트,비노케슬,etc,12.5,750,한국,,과실주,thesool,true
혼디주,㈜시트러스,etc,12,330,한국,,과실주,thesool,true
자두와인,자두사랑,etc,12,750,한국,,과실주,thesool,true
홉미드,코아베스트브루잉,etc,10.5,300,한국,,과실주,thesool,true
대관령 복분자주,홍지원,etc,16,400,한국,,과실주,thesool,true
샹스프랑보아즈,(주)선운산복분자주 흥진,etc,13,500,한국,,과실주,thesool,true
고도리 샤인머스캣 화이트와인,고도리 와이너리,etc,10.5,375,한국,,과실주,thesool,true
시나브로 캠벨 스위트,시나브로 와이너리(불휘농장),etc,12,750,한국,,과실주,thesool,true
컨츄리 산머루 스위트,컨츄리와이너리,etc,12,750,한국,,과실주,thesool,true
사랑할때,중원양조,etc,12,300,한국,,과실주,thesool,true
홍시와인,젤코바와이너리,etc,10.5,375,한국,,과실주,thesool,true
루드베리,댄싱사이더 컴퍼니,etc,4.5,750,한국,,과실주,thesool,true
복분자주 360,내장산 복분자 영농조합,etc,16,360,한국,,과실주,thesool,true
바람한줌 달빛한줌,산들벗,etc,12,750,한국,,과실주,thesool,true
레드듀 RED DEW,동강산머루영농조합법인,etc,13,750,한국,,과실주,thesool,true
애피소드 애플사이더,농업회사법인 ㈜한국애플리즈,etc,3.5,275,한국,,과실주,thesool,true
꽃 와인,264청포도 와이너리,etc,11.5,375,한국,,과실주,thesool,true
"산막와이너리, 초련",산막 와이너리,etc,20,500,한국,,과실주,thesool,true
세인트하우스 매실와인,해미읍성딸기와인,etc,12,500,한국,,과실주,thesool,true
고창선운산 복분자주 특1호,고창선운산,etc,15,1800,한국,,과실주,thesool,true
로제사이더 오미한잔,가나다라브루어리,etc,4.5,500,한국,,과실주,thesool,true
좋은저녁석류 추석에디션,산들벗,etc,12,750,한국,,과실주,thesool,true
샤토미소 랑,도란원,etc,12,375,한국,,과실주,thesool,true
감그린 아이스와인,청도감와인,etc,10,375,한국,,과실주,thesool,true
여포의 꿈 (화이트),여포와인농장,etc,12,750,한국,,과실주,thesool,true
그랑꼬또 M56,그린영농조합,etc,12,750,한국,,과실주,thesool,true
홍시 와인 감 화이트,림프루츠영농조합법인,etc,12,750,한국,,과실주,thesool,true
붉은진주 머루와인 드라이,농업회사법인 ㈜ 붉은진주,etc,12,750,한국,,과실주,thesool,true
샤인마스캇 와인,농업회사법인(주)두레양조,etc,12,750,한국,,과실주,thesool,true
치키피치,댄싱사이더컴퍼니,etc,4.6,330,한국,,과실주,thesool,true
멜론서리,댄싱사이더 컴퍼니,etc,5,330,한국,,과실주,thesool,true
너브내 로제 스파클링,샤또나드리,etc,12,750,한국,,과실주,thesool,true
미르아토 샤인머스켓 스파클링 캔와인,미르아토와인,etc,5,330,한국,,과실주,thesool,true
추사 애플와인,예산사과와인,etc,12,375,한국,,과실주,thesool,true
"코이버펑크, 머스캣 베일리 에이 2017",코이버펑크,etc,12.5,750,한국,,과실주,thesool,true
쿨샷 7.5,고창선운산,etc,7.5,300,한국,,과실주,thesool,true
영천와인조흔RED,조흔와이너리,etc,11.5,750,한국,,과실주,thesool,true
감그린 레귤러,청도감와인,etc,12,750,한국,,과실주,thesool,true
부안 참뽕주,내변산,etc,13,375,한국,,과실주,thesool,true
요새로제,댄싱사이더컴퍼니,etc,6.4,750,한국,,과실주,thesool,true
오미로제 연,오미나라,etc,8,750,한국,,과실주,thesool,true
오드린 베베마루 아내를 위한,월류원,etc,10,375,한국,,과실주,thesool,true
로제와인,갈기산포도농원,etc,12,550,한국,,과실주,thesool,true
붉은진주 머루와인 스위트,농업회사법인 ㈜ 붉은진주,etc,12,750,한국,,과실주,thesool,true
예밀와인 레드 드라이,예밀2리영농조합법인,etc,13,750,한국,,과실주,thesool,true
머루이야기,산들벗(주),etc,12,350,한국,,과실주,thesool,true
홍시,배상면주가,etc,12,700,한국,,과실주,thesool,true
샤토미소 킹 레드팬츠,도란원,etc,15,750,한국,,과실주,thesool,true
남산애 포트와인,예인화원,etc,18.5,750,한국,,과실주,thesool,true
샤토미소 로제스위트와인,도란원,etc,12,375,한국,,과실주,thesool,true
찾을수록 애플,농업회사법인 ㈜한국애플리즈,etc,16,360,한국,,과실주,thesool,true
"산막와이너리, 미",산막와이너리,etc,13,750,한국,,과실주,thesool,true
세인트하우스 모과와인,해미읍성딸기와인,etc,12,500,한국,,과실주,thesool,true
오롯이 복숭아,농업회사법인 솔티마을,etc,9,375,한국,,과실주,thesool,true
소계리 595 스위트 레드와인,소계리 와이너리,etc,12,750,한국,,과실주,thesool,true
고창 복분자주 특4호,고창명산품복분자주,etc,18,500,한국,,과실주,thesool,true
시나브로 청수 화이트,시나브로 와이너리(불휘농장),etc,12,750,한국,,과실주,thesool,true
PODO 포도,내변산 양조장,etc,9,750,한국,,과실주,thesool,true
여포의 꿈 레드(Dry),여포와인농장,etc,12,750,한국,,과실주,thesool,true
마셔블랑 스프링,주식회사 시트러스,etc,9,750,한국,,과실주,thesool,true
머루와인,덕유양조,etc,12,750,한국,,과실주,thesool,true
빙탄복,배상면주가,etc,7,370,한국,,과실주,thesool,true
초선의 꿈,여포와인농장,etc,12,375,한국,,과실주,thesool,true
에델 미디움 스위트와인,에델농원,etc,13,375,한국,,과실주,thesool,true
선운산 복분자주 프리미엄,(주)선운산복분자주 흥진,etc,19,700,한국,,과실주,thesool,true
공주애 오디와인,사곡양조원,etc,15,375,한국,,과실주,thesool,true
"산막와이너리, 비원퓨어",산막와이너리,etc,13,750,한국,,과실주,thesool,true
연미정 가을,연미정 와이너리,etc,12.7,750,한국,,과실주,thesool,true
딸기 스파클링와인,해미읍성딸기와인,etc,12,750,한국,,과실주,thesool,true
소계리595 드라이,소계리와인,etc,12,750,한국,,과실주,thesool,true
PS 애플시드르,시나브로 와이너리,etc,5,750,한국,,과실주,thesool,true
"산막와이너리, 비원",산막와이너리,etc,13,750,한국,,과실주,thesool,true
고도리 아이스와인(아이스 375),고도리 와이너리,etc,12,375,한국,,과실주,thesool,true
"코이버펑크, 카베르네 소비뇽 2019",코이버펑크,etc,12.5,750,한국,,과실주,thesool,true
감그린 스페셜,청도감와인,etc,12,750,한국,,과실주,thesool,true
시나브로 캠벨 드라이,시나브로 와이너리(불휘농장),etc,12,750,한국,,과실주,thesool,true
2019년산 하미앙 스위트,하미앙 와인밸리,etc,10.5,375,한국,,과실주,thesool,true
크라테 자두와인,수도산와이너리,etc,8.5,375,한국,,과실주,thesool,true
예밀와인 로제,예밀2리영농조합법인,etc,12,750,한국,,과실주,thesool,true
"산막와이너리, 화몽",산막와이너리,etc,13,750,한국,,과실주,thesool,true
포엠 스위트 프리미엄,갈기산,etc,12,750,한국,,과실주,thesool,true
당당하리,농업회사법인(주)세찬,etc,15,375,한국,,과실주,thesool,true
추사 로제 스위트,예산사과와인,etc,12,375,한국,,과실주,thesool,true
애피소드 애플,㈜한국애플리즈,etc,3.5,500,한국,,과실주,thesool,true
위 (we)레드 (2018)와인,위 와이너리,etc,12,750,한국,,과실주,thesool,true
산머루와인 깊은맛 드라이,하미앙 와인밸리,etc,12,750,한국,,과실주,thesool,true
레돔 시드르,작은알자스,etc,6,750,한국,,과실주,thesool,true
컨츄리 캠벨 스위트,컨츄리와이너리,etc,12,750,한국,,과실주,thesool,true
다래와인 3004,오름주가,etc,8,375,한국,,과실주,thesool,true
컨츄리 산머루 드라이,컨츄리와이너리,etc,12,750,한국,,과실주,thesool,true
레인보우,도란원,etc,12,375,한국,,과실주,thesool,true
고도리 레드와인 스위트,고도리 와이너리,etc,12,750,한국,,과실주,thesool,true
오미시앙 스페셜,알에프,etc,12,500,한국,,과실주,thesool,true
부안참뽕와인,동진주조,etc,13,750,한국,,과실주,thesool,true
오계리 아이스와인,오계리 와이너리,etc,14,,한국,,과실주,thesool,true
추사 블루베리 와인,예산사과와인,etc,11,375,한국,,과실주,thesool,true
오미로제 결,오미나라,etc,12,750,한국,,과실주,thesool,true
애피소드 상그리아,㈜한국애플리즈,etc,3.5,500,한국,,과실주,thesool,true
여포의 꿈 레드(SWEET),여포와인농장,etc,12,750,한국,,과실주,thesool,true
1950 씨유앳더탑,제주양조장,etc,12,750,한국,,과실주,thesool,true
뱅꼬레 화이트와인,한국와인,etc,11,375,한국,,과실주,thesool,true
롤링,오르또 와이너리,etc,13.5,750,한국,,과실주,thesool,true
무주구천동머루와인,덕유양조,etc,12,750,한국,,과실주,thesool,true
"코이버펑크, 샤르도네 세미용 2018",코이버펑크,etc,11.5,750,한국,,과실주,thesool,true
블루베리 이야기,농업회사법인산들벗(주),etc,12,375,한국,,과실주,thesool,true
샤토미소 레드 드라이,도란원,etc,13,750,한국,,과실주,thesool,true
스타베리오디,한국와인,etc,12,500,한국,,과실주,thesool,true
베리서프라이즈,양촌와이너리,etc,9,750,한국,,과실주,thesool,true
"산막와이너리, 라라",산막와이너리,etc,12,750,한국,,과실주,thesool,true
퓨레떼 라이트 스파클링,애플린영농조합,etc,8,375,한국,,과실주,thesool,true
너브내 스파클링 화이트,샤또나드리,etc,12,750,한국,,과실주,thesool,true
에델 스위트와인,에델농원,etc,13,375,한국,,과실주,thesool,true
무주구천동산머루주,산머루농원,etc,16,750,한국,,과실주,thesool,true
세인트하우스 살구와인,해미읍성딸기와인,etc,12,500,한국,,과실주,thesool,true
위레드,We와이너리,etc,12,750,한국,,과실주,thesool,true
천매,더한주류,etc,30,600,한국,,과실주,thesool,true
포엠 화이트 프리미엄,갈기산,etc,12,750,한국,,과실주,thesool,true
남산애 레드와인,예인화원,etc,14,750,한국,,과실주,thesool,true
뱅꼬레 레드와인,한국와인,etc,12,375,한국,,과실주,thesool,true
한스오차드 사과와인,㈜한국애플리즈,etc,11,750,한국,,과실주,thesool,true
오미로제 프리미어와인,오미나라,etc,12,750,한국,,과실주,thesool,true
뱅꼬레 더감,한국와인,etc,12,750,한국,,과실주,thesool,true
연미정 노을,연미정 와이너리,etc,12,750,한국,,과실주,thesool,true
P.S 샤인 스파클링,시나브로 와이너리(불휘농장),etc,5,750,한국,,과실주,thesool,true
P.S 애플 시드르,시나브로 와이너리(불휘농장),etc,5,750,한국,,과실주,thesool,true
다래와인 7004S,오름주가,etc,8,750,한국,,과실주,thesool,true
오계리와인 복숭아,오계리 와이너리,etc,7,500,한국,,과실주,thesool,true
인사이더 블루베리,가나다라브루어리,etc,3,330,한국,,과실주,thesool,true
산머루와인 달콤한 스위트,하미앙 와인밸리,etc,10.5,750,한국,,과실주,thesool,true
너브내 화이트(dry) 와인,샤또나드리,etc,12,750,한국,,과실주,thesool,true
뱅꼬레 로제와인,한국와인,etc,11.5,375,한국,,과실주,thesool,true
오디랑,국순당 고창명주,etc,13,330,한국,,과실주,thesool,true
레드 와인 500,고도리 와이너리,etc,12,500,한국,,과실주,thesool,true
"산막와이너리, 아로퓨어",산막와이너리,etc,13,750,한국,,과실주,thesool,true
붉은진주머루와인,붉은진주,etc,12,750,한국,,과실주,thesool,true
선운산 복분자주,(주)선운산복분자주 흥진,etc,16,375,한국,,과실주,thesool,true
미소 아이스,도란원,etc,12,375,한국,,과실주,thesool,true
미르아토 로제와인,금용농산,etc,12,750,한국,,과실주,thesool,true
산머루 크라테 로제,수도산와이너리,etc,11.5,375,한국,,과실주,thesool,true
애플린,반딧불사과와인,etc,12,750,한국,,과실주,thesool,true
뱅꼬레 아이스와인,한국와인,etc,12,375,한국,,과실주,thesool,true
크라테 미디엄드라이,수도산와이너리,etc,11.5,750,한국,,과실주,thesool,true
선운산 복분자와인,(주)선운산복분자주 흥진,etc,13,300,한국,,과실주,thesool,true
컨츄리 캠벨 드라이,컨츄리와이너리,etc,12,750,한국,,과실주,thesool,true
산머루 크라테 스위트,수도산와이너리,etc,11.5,750,한국,,과실주,thesool,true
고도리 화이트와인 스위트,고도리 와이너리,etc,10.5,750,한국,,과실주,thesool,true
어떤유자 06,어떤하루,etc,6,500,한국,,과실주,thesool,true
2018년산 하미앙 오크와인,하미앙 와인밸리,etc,12,750,한국,,과실주,thesool,true
두레앙와인,농업회사법인(주)두레양조,etc,12,750,한국,,과실주,thesool,true
프리미엄 애플와인 한스오차드,㈜한국애플리즈,etc,11,750,한국,,과실주,thesool,true
예밀와인 레드 스위트,예밀2리영농조합법인,etc,12,750,한국,,과실주,thesool,true
내장산 복분자주 지통1호,내장산 복분자 영농조합,etc,16,700,한국,,과실주,thesool,true
샤토미소 레드 스위트,도란원,etc,12,750,한국,,과실주,thesool,true
머루드서 스위트,산머루농원,etc,12,750,한국,,과실주,thesool,true
미르아토 청수 스위트 (화이트)와인,금용농산,etc,12,750,한국,,과실주,thesool,true
그랑티그르 CE2002,월류원,etc,12,750,한국,,과실주,thesool,true
그랑티그르 M1988,월류원,etc,12,750,한국,,과실주,thesool,true
산머루주,농업회사법인 유한회사 덕유,etc,16,360,한국,,과실주,thesool,true
2016년산 하미앙 드라이,하미앙 와인밸리,etc,12,375,한국,,과실주,thesool,true
허니문배,농업회사법인 주식회사 비전레드,etc,4.9,750,한국,,과실주,thesool,true
복분자음,배상면주가,etc,12,375,한국,,과실주,thesool,true
레돔 내추럴 스파클링 로제와인,작은알자스,etc,7.5,750,한국,,과실주,thesool,true
명가원 복분자술,솔송주,etc,16,750,한국,,과실주,thesool,true
고도리 화이트와인 드라이,고도리 와이너리,etc,10.5,750,한국,,과실주,thesool,true
시,내국양조,etc,13,375,한국,,과실주,thesool,true
프렌치 린넨,농업회사법인 주식회사 비전레드,etc,4.7,750,한국,,과실주,thesool,true
오크와인,하미앙 와인밸리,etc,12,750,한국,,과실주,thesool,true
명작복분자,국순당고창명주(주0,etc,13,375,한국,,과실주,thesool,true
포엠 로제 프리미엄,갈기산,etc,12,750,한국,,과실주,thesool,true
크라테 화이트스위트,수도산와이너리,etc,11.5,375,한국,,과실주,thesool,true
베리와인1168 스위트와인,블루컴퍼니,etc,13,500,한국,,과실주,thesool,true
다래와인 7004D,오름주가,etc,12,750,한국,,과실주,thesool,true
해 1614,덕유양조,etc,12,750,한국,,과실주,thesool,true
포엠 드라이 프리미엄,갈기산,etc,12,750,한국,,과실주,thesool,true
원소주,원스피리츠 농업법인 주식회사,spirits,22,375,한국,,증류주,thesool,true
포항불로주,불로주,spirits,35,750,한국,,증류주,thesool,true
대장부23,롯데칠성음료,spirits,23,375,한국,,증류주,thesool,true
김수한무,한국고량주 농업회사법인,spirits,39,375,한국,,증류주,thesool,true
일엽편주,농암종택 전통주,spirits,38,375,한국,,증류주,thesool,true
주향아라,농업회사법인 담을,spirits,55,500,한국,,증류주,thesool,true
국가유산·명인 조옥화 안동소주 25도,국가유산·명인 조옥화 안동소주,spirits,25,375,한국,,증류주,thesool,true
이도22,조은술세종,spirits,22,375,한국,,증류주,thesool,true
모월인미니,모월,spirits,41,150,한국,,증류주,thesool,true
모월 인,모월,spirits,41,500,한국,,증류주,thesool,true
동구래,화천주가,spirits,15,500,한국,,증류주,thesool,true
복분자 그라빠,술아원,spirits,40,375,한국,,증류주,thesool,true
엄청주,삼오식품,spirits,18,360,한국,,증류주,thesool,true
BURNT 번트,브리즈앤스트림,spirits,25,375,한국,,증류주,thesool,true
양촌감 보드카,양촌와이너리,spirits,32,375,한국,,증류주,thesool,true
느낌 19.8,명품 안동소주,spirits,19.8,360,한국,,증류주,thesool,true
두레앙22,농업회사법인(주)두레양조,spirits,22,375,한국,,증류주,thesool,true
귀감,시트러스,spirits,25,350,한국,,증류주,thesool,true
화전일취38,농업회사법인 주식회사 지시울,spirits,38,375,한국,,증류주,thesool,true
선비 진,농업회사법인 토끼소주,spirits,48,375,한국,,증류주,thesool,true
필40,술아원,spirits,40,375,한국,,증류주,thesool,true
이강주 5호,전주 이강주,spirits,25,500,한국,,증류주,thesool,true
선비 보드카,농업회사법인 토끼소주,spirits,40,750,한국,,증류주,thesool,true
아치23,양촌와이너리,spirits,23,375,한국,,증류주,thesool,true
미르25,술샘,spirits,25,,한국,,증류주,thesool,true
주향아라,담을술공방,spirits,55,375,한국,,증류주,thesool,true
형형40,농업회사법인 (주)온증류소,spirits,40,500,한국,,증류주,thesool,true
진도홍주58,대대로영농조합법인,spirits,58,750,한국,,증류주,thesool,true
첨내린25,농업회사법인(주)청산녹수,spirits,25,375,한국,,증류주,thesool,true
진맥소주 시인의바위,밀과노닐다,spirits,54.5,500,한국,,증류주,thesool,true
추사40,예산사과와인,spirits,40,500,한국,,증류주,thesool,true
전가네 사십오도,술빚는 전가네,spirits,45,250,한국,,증류주,thesool,true
미르아토 증류주 tears of god,금용농산,spirits,40,200,한국,,증류주,thesool,true
메밀이슬,술도가제주바당,spirits,40,500,한국,,증류주,thesool,true
남한산성소주,남한산성소주,spirits,40,400,한국,,증류주,thesool,true
병영소주,병영양조장,spirits,40,500,한국,,증류주,thesool,true
원매,더한주류,spirits,20,750,한국,,증류주,thesool,true
문배술 천향,문배주양조원,spirits,40,375,한국,,증류주,thesool,true
백송,한산소곡주,spirits,16,500,한국,,증류주,thesool,true
화백,한산소곡주,spirits,25,500,한국,,증류주,thesool,true
오디아락40,배상면주가,spirits,40,500,한국,,증류주,thesool,true
고운달 43 오크 500,오미나라,spirits,43,500,한국,,증류주,thesool,true
신례명주,시트러스,spirits,50,750,한국,,증류주,thesool,true
송로주,송로주,spirits,48,700,한국,,증류주,thesool,true
양반안동소주 3년산 호리병,양반안동소주,spirits,45,400,한국,,증류주,thesool,true
진도홍주루비콘,대대로영농조합법인,spirits,40,700,한국,,증류주,thesool,true
달홀진주40,농업회사법인 달홀주조,spirits,40,375,한국,,증류주,thesool,true
진맥소주 오크40%,밀과노닐다,spirits,40,500,한국,,증류주,thesool,true
로아19옐로우,배혜정도가,spirits,19,350,한국,,증류주,thesool,true
오매락,배상면주가,spirits,40,500,한국,,증류주,thesool,true
막시모 40,착한농부,spirits,40,500,한국,,증류주,thesool,true
52C,농업회사법인(주)청산녹수,spirits,17.5,500,한국,,증류주,thesool,true
"진심홍삼인삼주 38%, 19%",(농)㈜태평주가,spirits,19,375,한국,,증류주,thesool,true
토끼소주 골드,농업회사법인 토끼소주 (주),spirits,46,375,한국,,증류주,thesool,true
마한오크 40,스마트브루어리,spirits,40,375,한국,,증류주,thesool,true
여의주,술아원,spirits,16,375,한국,,증류주,thesool,true
운암 32오크,맑은내일,spirits,32,375,한국,,증류주,thesool,true
독산30 미니어처,오산양조,spirits,30,130,한국,,증류주,thesool,true
대숲 맑은 담양향 Gold,죽향도가,spirits,41,375,한국,,증류주,thesool,true
진도홍주만홍,대대로영농조합법인,spirits,40,500,한국,,증류주,thesool,true
팔로미 더 블랙 26 (8ROMI 19+ THE BLACK 26),농업회사법인 팔로미 주식회사,spirits,26,375,한국,,증류주,thesool,true
명인 안동소주,명인안동소주,spirits,45,800,한국,,증류주,thesool,true
한주매화,한주양조,spirits,35,700,한국,,증류주,thesool,true
복분자아락40,배상면주가,spirits,40,500,한국,,증류주,thesool,true
소호,밝은세상영농조합,spirits,36.5,350,한국,,증류주,thesool,true
남한산성소주 21,남한산성소주,spirits,21,375,한국,,증류주,thesool,true
로아19레드,배혜정도가,spirits,19,350,한국,,증류주,thesool,true
문경바람 백자 25,제이엘,spirits,25,750,한국,,증류주,thesool,true
병영설성사또,병영주조장,spirits,40,750,한국,,증류주,thesool,true
고리진,㈜하우스오브헤리티지,spirits,47,500,한국,,증류주,thesool,true
수성 프리미엄 백주43,㈜수성주류,spirits,43,500,한국,,증류주,thesool,true
폭스진,문경주조,spirits,25,350,한국,,증류주,thesool,true
황금보리 증류주 40,황금보리(유)농업회사법인,spirits,40,375,한국,,증류주,thesool,true
문배술 헤리티지 25도,문배주양조원,spirits,25,375,한국,,증류주,thesool,true
매화마름,배혜정도가,spirits,14,375,한국,,증류주,thesool,true
강주,내국양조,spirits,50,200,한국,,증류주,thesool,true
하늘아래서,맑은내일,spirits,24,375,한국,,증류주,thesool,true
겨울소주45,농업회사법인 아리랑주조㈜,spirits,45,360,한국,,증류주,thesool,true
연천 우주,농업회사법인 연천양조(주),spirits,22,360,한국,,증류주,thesool,true
죽력고25,추성고을,spirits,25,350,한국,,증류주,thesool,true
두레앙목통숙성주,농업회사법인(주)두레양조,spirits,35,500,한국,,증류주,thesool,true
병영사또,병영양조장,spirits,40,200,한국,,증류주,thesool,true
The 찾을수록,㈜한국애플리즈,spirits,16,360,한국,,증류주,thesool,true
쇼어 RED,브리즈앤스트림,spirits,25,360,한국,,증류주,thesool,true
로아19화이트,배혜정도가,spirits,19,350,한국,,증류주,thesool,true
별헤주 1941,백운주가,spirits,17,360,한국,,증류주,thesool,true
명인 안동소주 22%,명인안동소주,spirits,22,360,한국,,증류주,thesool,true
진심 인삼주,태평주가,spirits,19,375,한국,,증류주,thesool,true
바띠,제주샘주,spirits,21,375,한국,,증류주,thesool,true
입술,술빚는 전가네,spirits,40,250,한국,,증류주,thesool,true
독도소주,설악프로방스배꽃마을,spirits,17.3,375,한국,,증류주,thesool,true
안동소주 일품 17도,안동소주일품,spirits,17,350,한국,,증류주,thesool,true
착한농부 막시모 17,농업회사법인(주)착한농부,spirits,17,360,한국,,증류주,thesool,true
신선주 소주,농업회사법인 (주)신선,spirits,42,375,한국,,증류주,thesool,true
필 25,술아원,spirits,25,375,한국,,증류주,thesool,true
설홍,농업회사법인 (주)제주왕지케,spirits,20,375,한국,,증류주,thesool,true
화심소주 군고구마,화심주조,spirits,25,300,한국,,증류주,thesool,true
소여강,추연당,spirits,42,375,한국,,증류주,thesool,true
제주 가파도 청보리,농업회사법인 제주왕지케,spirits,20,375,한국,,증류주,thesool,true
월광주 42,월광주조,spirits,42,375,한국,,증류주,thesool,true
야수 S 53,농업회사법인 주식회사 주연향,spirits,53,375,한국,,증류주,thesool,true
백제소주,내변산,spirits,25,375,한국,,증류주,thesool,true
착한농부 막시모파인오크 40,농업회사법인(주)착한농부,spirits,40,200,한국,,증류주,thesool,true
두레앙 일반증류주,농업회사법인(주)두레양조,spirits,35,500,한국,,증류주,thesool,true
퍼플 진,술샘,spirits,36.5,500,한국,,증류주,thesool,true
참주가 동해밤바다,참주가,spirits,17.2,360,한국,,증류주,thesool,true
화심오크 군고구마,화심주조,spirits,58,500,한국,,증류주,thesool,true
고운달 백자 500,오미나라,spirits,52,500,한국,,증류주,thesool,true
계룡백일주 40%,계룡백일주,spirits,40,600,한국,,증류주,thesool,true
추성주,추성고을,spirits,25,350,한국,,증류주,thesool,true
추사백25,예산사과와인,spirits,25,350,한국,,증류주,thesool,true
예천주 사월365,농업회사법인(주)착한농부,spirits,36.5,375,한국,,증류주,thesool,true
커피냑,제주커피수목원,spirits,40,200,한국,,증류주,thesool,true
추사백,예산사과와인,spirits,40,500,한국,,증류주,thesool,true
금산인삼주 수삼 500,㈜금산인삼주,spirits,43,500,한국,,증류주,thesool,true
고운달 오크 500,오미나라,spirits,52,500,한국,,증류주,thesool,true
예천주 사월24,농업회사법인(주)착한농부,spirits,24,375,한국,,증류주,thesool,true
타락40,우유로 만든 증류주 타락,spirits,40,200,한국,,증류주,thesool,true
바야흐로,시나브로 와이너리(불휘농장),spirits,40,500,한국,,증류주,thesool,true
솔직 25도 10년 숙성,솔송주,spirits,25,375,한국,,증류주,thesool,true
메밀로,두루,spirits,45,500,한국,,증류주,thesool,true
진맥애플,밀과노닐다,spirits,40,375,한국,,증류주,thesool,true
모월로미니,모월,spirits,25,150,한국,,증류주,thesool,true
연천우주 38,연천양조,spirits,38,375,한국,,증류주,thesool,true
도래하,(주)배혜정농업회사법인,spirits,19,350,한국,,증류주,thesool,true
진안블랙,농업회사법인㈜태평주가,spirits,40,500,한국,,증류주,thesool,true
문경바람 오크 40,오미나라,spirits,40,375,한국,,증류주,thesool,true
안동 진맥 소주,맹개술도가,spirits,40,200,한국,,증류주,thesool,true
부자진 배치#0001,㈜부자진농업회사법인,spirits,44,375,한국,,증류주,thesool,true
한비 쌀소주,제천한약영농조합법인,spirits,40,375,한국,,증류주,thesool,true
주향이오,담을술공방,spirits,25,375,한국,,증류주,thesool,true
려 고구마 소주,국순당여주명주,spirits,25,375,한국,,증류주,thesool,true
로아40퍼플,배혜정도가,spirits,40,350,한국,,증류주,thesool,true
하늘,내국양조,spirits,45,375,한국,,증류주,thesool,true
첨내린35,농업회사법인(주)청산녹수,spirits,35,375,한국,,증류주,thesool,true
추사백오크25,예산사과와인,spirits,25,350,한국,,증류주,thesool,true
양평 밀 소주,㈜우보주책,spirits,53,200,한국,,증류주,thesool,true
소주다움 45,미음넷증류소,spirits,45,500,한국,,증류주,thesool,true
야수 R 53,농업회사법인 주식회사 주연향,spirits,53,375,한국,,증류주,thesool,true
소주다움27,미음넷증류소,spirits,27,360,한국,,증류주,thesool,true
토끼소주 블랙,농업회사법인 토끼소주 (주),spirits,40,375,한국,,증류주,thesool,true
애플스피릿,댄싱사이더 컴퍼니,spirits,20,375,한국,,증류주,thesool,true
꽃빛서리,고창서해안복분자주,spirits,17.2,360,한국,,증류주,thesool,true
천비향 화주,좋은술,spirits,40,375,한국,,증류주,thesool,true
명인안동소주 35%,명인안동소주,spirits,35,360,한국,,증류주,thesool,true
샤토미소 영동,도란원,spirits,40,200,한국,,증류주,thesool,true
사십오도,술빚는전가네,spirits,45,250,한국,,증류주,thesool,true
만월  24/40,착한농부,spirits,24,360,한국,,증류주,thesool,true
게이샤,마마스팜 영농조합,spirits,9,350,한국,,증류주,thesool,true
가무치 25도,농업회사법인 주식회사 다농바이오,spirits,25,375,한국,,증류주,thesool,true
민속주 안동소주,민속주안동소주,spirits,45,400,한국,,증류주,thesool,true
고도리 징기스칸 브랜디,고도리 와이너리,spirits,40,375,한국,,증류주,thesool,true
바야흐로 오크,시나브로 와이너리(불휘농장),spirits,40,500,한국,,증류주,thesool,true
커피와인 톡시,제주커피수목원,spirits,11,200,한국,,증류주,thesool,true
예천주복 만월40,착한농부,spirits,40,350,한국,,증류주,thesool,true
이연56,한국고량주,spirits,56,500,한국,,증류주,thesool,true
세우리,제주샘주,spirits,45,700,한국,,증류주,thesool,true
감이슬,양촌감영농조합법인,spirits,23,375,한국,,증류주,thesool,true
별그리안 초설감,백록주가,spirits,40,350,한국,,증류주,thesool,true
숙희59,시향가,spirits,59,500,한국,,증류주,thesool,true
연연 25,농업회사법인 (주)온증류소,spirits,25,300,한국,,증류주,thesool,true
안동 국화주,회곡양조장,spirits,32,375,한국,,증류주,thesool,true
황금보리 증류주 25,황금보리(유)농업회사법인,spirits,25,375,한국,,증류주,thesool,true
두리향,케이소주,spirits,43,500,한국,,증류주,thesool,true
문배술 헤리티지 40도,문배주양조원,spirits,40,200,한국,,증류주,thesool,true
한주,한주양조,spirits,35,360,한국,,증류주,thesool,true
가평소주,우리도가,spirits,25,375,한국,,증류주,thesool,true
금산인삼백주,㈜금산인삼주,spirits,43,500,한국,,증류주,thesool,true
황금보리 증류주 17,황금보리(유)농업회사법인,spirits,17,375,한국,,증류주,thesool,true
소나무와 학,용두산조은술(영),spirits,43,700,한국,,증류주,thesool,true
소여강 25%,추연당,spirits,25,375,한국,,증류주,thesool,true
대잎술,추성고을,spirits,12,300,한국,,증류주,thesool,true
도원결의,영덕주조,spirits,40,360,한국,,증류주,thesool,true
빡치주,술샘,spirits,25,375,한국,,증류주,thesool,true
미상25,농업회사법인 주식회사 시트러스,spirits,25,350,한국,,증류주,thesool,true
톡 한잔 소주,(농)(유)대마주조,spirits,30,500,한국,,증류주,thesool,true
육십일도,술빚는전가네,spirits,61,250,한국,,증류주,thesool,true
도원결의,농업회사법인영덕주조,spirits,15,375,한국,,증류주,thesool,true
우곡소주,배혜정도가,spirits,25,375,한국,,증류주,thesool,true
해운대블루스,농업회사법인 주식회사 참주가,spirits,17.3,360,한국,,증류주,thesool,true
탱자 C,농업회사법인(주)가야양조장,spirits,23,375,한국,,증류주,thesool,true
로얄 안동소주,(농)유토피아㈜,spirits,45,600,한국,,증류주,thesool,true
추사50,예산사과와인,spirits,50,500,한국,,증류주,thesool,true
동해소주,설악프로방스배꽃마을,spirits,17.5,360,한국,,증류주,thesool,true
왕율주,사곡양조원,spirits,25,330,한국,,증류주,thesool,true
로아 포르토,배혜정도가,spirits,40,700,한국,,증류주,thesool,true
징기스칸,고도리 와이너리,spirits,40,375,한국,,증류주,thesool,true
미르,술샘,spirits,25,375,한국,,증류주,thesool,true
하서 Oak Premium 증류식소주 (고급포장),농업회사법인(주)청산녹수,spirits,42,500,한국,,증류주,thesool,true
한산 소곡화주,원조소곡주,spirits,41,300,한국,,증류주,thesool,true
로아40 옐로우,배혜정도가,spirits,40,350,한국,,증류주,thesool,true
참주가 서해밤바다,참주가,spirits,17.1,360,한국,,증류주,thesool,true
추성주,추성고을,spirits,25,400,한국,,증류주,thesool,true
명랑 스컬,더한주류,spirits,17,375,한국,,증류주,thesool,true
키위술,술도가제주바당,spirits,40,500,한국,,증류주,thesool,true
모을동주 소주,대작영농조합법인,spirits,43,375,한국,,증류주,thesool,true
안동소주 일품 40도 골드,안동소주일품,spirits,40,500,한국,,증류주,thesool,true
토끼 소주,농업회사법인 토끼소주㈜,spirits,23,375,한국,,증류주,thesool,true
로아40 레드,배혜정도가,spirits,40,350,한국,,증류주,thesool,true
고소리술,제주샘주,spirits,40,500,한국,,증류주,thesool,true
계룡산 산삼주 금수강산 40%,한국산삼,spirits,40,740,한국,,증류주,thesool,true
죽향41,죽향도가,spirits,41,375,한국,,증류주,thesool,true
대대로홍주,대대로영농조합법인,spirits,40,700,한국,,증류주,thesool,true
독산 53,오산양조,spirits,53,250,한국,,증류주,thesool,true
가무치 43도,다농바이오,spirits,43,375,한국,,증류주,thesool,true
느린마을소주21,배상면주가,spirits,21,375,한국,,증류주,thesool,true
불소주,한산소곡주,spirits,41,500,한국,,증류주,thesool,true
국가유산·명인 조옥화 안동소주 45도,국가유산·명인 조옥화 안동소주,spirits,45,400,한국,,증류주,thesool,true
성산포소주,술도가제주바당,spirits,25,360,한국,,증류주,thesool,true
화주,내국양조,spirits,25,375,한국,,증류주,thesool,true
태사주,안동소주올소,spirits,35,360,한국,,증류주,thesool,true
밤빛머루,농업회사법인 산들벗(주),spirits,16.9,360,한국,,증류주,thesool,true
문배술,문배주양조원,spirits,40,500,한국,,증류주,thesool,true
려 2013 본,국순당 횡성양조장,spirits,41.5,500,한국,,증류주,thesool,true
안동소주 일품 21도,안동소주일품,spirits,21,350,한국,,증류주,thesool,true
착한농부 막시모 25,농업회사법인(주)착한농부,spirits,25,360,한국,,증류주,thesool,true
명인 안동소주 양반탈,명인안동소주,spirits,45,800,한국,,증류주,thesool,true
용24,두루양조,spirits,24,375,한국,,증류주,thesool,true
진도 백주,대대로영농조합법인,spirits,38,375,한국,,증류주,thesool,true
금휘,용두산조은술(영),spirits,35,500,한국,,증류주,thesool,true
문경바람 백자 40,제이엘,spirits,40,750,한국,,증류주,thesool,true
백제한산군주,㈜백제명가주조,spirits,25,250,한국,,증류주,thesool,true
독산 30,오산양조,spirits,30,250,한국,,증류주,thesool,true
수삼단본 720,㈜금산인삼주,spirits,43,720,한국,,증류주,thesool,true
감아락 25,배상면주가,spirits,25,500,한국,,증류주,thesool,true
유기농 이도 32,조은술 세종,spirits,32,375,한국,,증류주,thesool,true
제주 감귤주,시트러스,spirits,50,750,한국,,증류주,thesool,true
달홀진주25,농업회사법인 달홀주조,spirits,25,375,한국,,증류주,thesool,true
야수 G 53,농업회사법인 주식회사 주연향,spirits,53,375,한국,,증류주,thesool,true
제주술익는집 고소리술,제주고소리술익는집,spirits,40,400,한국,,증류주,thesool,true
오디여라,전주이강주,spirits,25,375,한국,,증류주,thesool,true
서울고량주 오크,서울고량주,spirits,40,375,한국,,증류주,thesool,true
여유40,농업회사법인 (유)양촌양조,spirits,40,375,한국,,증류주,thesool,true
신선주 52,농업회사법인 (주)신선,spirits,52,650,한국,,증류주,thesool,true
팔로미 더 화이트 21 (8ROMI 19+ THE WHITE 21),농업회사법인 팔로미 주식회사,spirits,21,375,한국,,증류주,thesool,true
삼해소주,㈜삼해소주,spirits,45,400,한국,,증류주,thesool,true
한산예담은 한산소곡화주,한산예담은소곡주,spirits,41,500,한국,,증류주,thesool,true
이상헌 소주,농업회사법인 이가수불㈜,spirits,52,500,한국,,증류주,thesool,true
"화요 41%, 25%, 17%",㈜화요,spirits,41,375,한국,,증류주,thesool,true
마한 24,마한 24,spirits,24,375,한국,,증류주,thesool,true
백이주,농업회사법인(주)세찬,spirits,35,800,한국,,증류주,thesool,true
문배주 용상,문배주양조원,spirits,40,700,한국,,증류주,thesool,true
계룡산 산삼주 금수강산 21%,한국산삼,spirits,21,740,한국,,증류주,thesool,true
주향소주 25,담을,spirits,25,375,한국,,증류주,thesool,true
댄싱22,댄싱사이더,spirits,22,375,한국,,증류주,thesool,true
M24,용소주,spirits,24,375,한국,,증류주,thesool,true
죽력고,태인양조장,spirits,32,700,한국,,증류주,thesool,true
산정호수 솔잎주,술빚는 전가네,spirits,30,350,한국,,증류주,thesool,true
진도홍주40,대대로영농조합법인,spirits,40,1800,한국,,증류주,thesool,true
려,국순당 횡성양조장,spirits,25,375,한국,,증류주,thesool,true
유기농 이도 42,조은술 세종,spirits,42,375,한국,,증류주,thesool,true
병영소주,병영양조장,spirits,40,700,한국,,증류주,thesool,true
한비 오가피술,제천한약영농조합법인,spirits,35,375,한국,,증류주,thesool,true
죽력고40,추성고을,spirits,40,500,한국,,증류주,thesool,true
의림소주,제천한약(영),spirits,40,700,한국,,증류주,thesool,true
타미앙스,추성고을,spirits,40,400,한국,,증류주,thesool,true
진맥 소주,맹개술도가,spirits,40,200,한국,,증류주,thesool,true
샤토미소 락 자두증류주,도란원,spirits,40,250,한국,,증류주,thesool,true
각시탈,명품안동소주,spirits,45,200,한국,,증류주,thesool,true
산막와이너리 증류주 환희,산막 와이너리,spirits,40,375,한국,,증류주,thesool,true
참주가 청화랑,참주가,spirits,17,360,한국,,증류주,thesool,true
배도가 로아 40도 옐로우,배혜정도가,spirits,40,350,한국,,증류주,thesool,true
로아40화이트,배혜정도가,spirits,40,350,한국,,증류주,thesool,true
주향담을,농업회사법인 담을,spirits,41,500,한국,,증류주,thesool,true
제주낭만,술도가제주바당,spirits,40,500,한국,,증류주,thesool,true
진도홍주38,대대로영농조합법인,spirits,38,375,한국,,증류주,thesool,true
코리진,하우스오브헤리티지 농업회사법인,spirits,47,500,한국,,증류주,thesool,true
풍정사계 동(冬),풍정사계(화양),spirits,25,375,한국,,증류주,thesool,true
금설,금산인삼주양조장,spirits,35,375,한국,,증류주,thesool,true
전가네 육십일도,술빚는 전가네,spirits,61,250,한국,,증류주,thesool,true
천지향 증류주,함평천지복분자(영),spirits,40,500,한국,,증류주,thesool,true
화전일취52,농업회사법인 주식회사 지시울,spirits,52,375,한국,,증류주,thesool,true
마주 소곡화주,옥순가 소곡주 마주,spirits,41,500,한국,,증류주,thesool,true
모월 로,모월,spirits,25,500,한국,,증류주,thesool,true
무작 53,예술,spirits,53,500,한국,,증류주,thesool,true
신의 한 술,농업회사법인 (주)신선,spirits,12,375,한국,,증류주,thesool,true
감홍로,감홍로,spirits,40,400,한국,,증류주,thesool,true
느린마을 증류주,배상면주가,spirits,16.9,360,한국,,증류주,thesool,true
술숲,농업회사법인 ㈜제주왕지케양조장,spirits,19,375,한국,,증류주,thesool,true
느낌 30,명품 안동소주,spirits,30,360,한국,,증류주,thesool,true
화심소주 군쌀,화심주조,spirits,25,300,한국,,증류주,thesool,true
바람,내국양조,spirits,20,375,한국,,증류주,thesool,true
시인의 바위,밀과노닐다,spirits,54.5,500,한국,,증류주,thesool,true
형형25,㈜온증류소,spirits,25,300,한국,,증류주,thesool,true
농태기,하나도가,spirits,25,300,한국,,증류주,thesool,true
아우내,(주)두레양조,spirits,20,360,한국,,증류주,thesool,true
부자진 오미자 진,(주)부자진농업회사법인,spirits,44,375,한국,,증류주,thesool,true
녹천 소곡화주 500ml,녹천주조장,etc,41,500,한국,,리큐르/기타,thesool,true
주몽복분자주,농업회사법인(유)술소리,etc,16,375,한국,,리큐르/기타,thesool,true
금과명주,농업회사법인 ㈜한국애플리즈,etc,40,750,한국,,리큐르/기타,thesool,true
홀리 엠,두루양조,etc,37,375,한국,,리큐르/기타,thesool,true
한비오가피술골드,제천한약(영),etc,35,500,한국,,리큐르/기타,thesool,true
원매 프리미엄,더한주류,etc,20,700,한국,,리큐르/기타,thesool,true
담솔,솔송주(명가원),etc,40,500,한국,,리큐르/기타,thesool,true
어린 꿀술,곰세마리 양조장,etc,11.8,500,한국,,리큐르/기타,thesool,true
라이코펜 토마토와인,토마토와인주식회사,etc,12,350,한국,,리큐르/기타,thesool,true
산내울 사과애주,거창사과원예농협,etc,16,750,한국,,리큐르/기타,thesool,true
일오백블루,한산소곡주,etc,43,700,한국,,리큐르/기타,thesool,true
매실원주 허니,더한주류,etc,13,300,한국,,리큐르/기타,thesool,true
도원결의,영덕주조,etc,15,360,한국,,리큐르/기타,thesool,true
녹고의 눈물,토향,etc,16,500,한국,,리큐르/기타,thesool,true
맑은 바탕 오크,서울효모방,etc,16,500,한국,,리큐르/기타,thesool,true
홍삼명주,자연과 인삼,etc,14,375,한국,,리큐르/기타,thesool,true
어우야,왕지케양조장,etc,16,365,한국,,리큐르/기타,thesool,true
북한강25,농업회사법인㈜화천주가,etc,25,375,한국,,리큐르/기타,thesool,true
"동백꽃, 제주",제주본초협동조합 왕지케양조장,etc,16,365,한국,,리큐르/기타,thesool,true
일오백골드,한산소곡주,etc,43,700,한국,,리큐르/기타,thesool,true
술샘19,술샘,etc,19,375,한국,,리큐르/기타,thesool,true
로얄그레이,농업회사법인 술빚는호랑이 주식회사,etc,11,375,한국,,리큐르/기타,thesool,true
허니비,아이비영농조합법인,etc,8,500,한국,,리큐르/기타,thesool,true
필,술아원,etc,25,375,한국,,리큐르/기타,thesool,true
괴산 세종 찰옥수수 전통주,조은술 세종,etc,6,750,한국,,리큐르/기타,thesool,true
볼빨간미자,술샘,etc,16,375,한국,,리큐르/기타,thesool,true
공주알밤 왕밤주,사곡양조장,etc,6,750,한국,,리큐르/기타,thesool,true
글린트(GLINT),농업회사법인(주)글린트증류소,etc,15,750,한국,,리큐르/기타,thesool,true
리치앤크리미,농업회사법인 ㈜서울효모방,etc,9,350,한국,,리큐르/기타,thesool,true
오목대,농업회사법인 동문거리양조장(주),etc,5,000,한국,,리큐르/기타,thesool,true
한비 동충하초술,제천한약(영),etc,35,375,한국,,리큐르/기타,thesool,true
산삼가득 명술,대농바이오우리산삼,etc,20,375,한국,,리큐르/기타,thesool,true
쿨막,농업회사법인 ㈜서울효모방,etc,8.5,500,한국,,리큐르/기타,thesool,true
코아베스트 아카시아미드,농업회사법인(주)코아베스트 브루잉,etc,10.5,375,한국,,리큐르/기타,thesool,true
이강주,전주 이강주,etc,19,375,한국,,리큐르/기타,thesool,true
장수홍삼주,경원리큐르,etc,25,750,한국,,리큐르/기타,thesool,true
술샘16,술샘,etc,16,375,한국,,리큐르/기타,thesool,true
행복한 상상 쵸코맛,영덕주조,etc,15,300,한국,,리큐르/기타,thesool,true
달하늘꿀술 애플,농업회사법인 주식회사 양나인비노,etc,7,375,한국,,리큐르/기타,thesool,true
녹천 소곡화주 480ml,녹천주조장,etc,41,480,한국,,리큐르/기타,thesool,true
인어교주해적술,영덕주조,etc,15,360,한국,,리큐르/기타,thesool,true
뉴룩 오리지널,농업회사법인 뉴룩 주식회사,etc,4,500,한국,,리큐르/기타,thesool,true
사워미드,코아베스트브루잉,etc,9.5,375,한국,,리큐르/기타,thesool,true
한비 유자술,제천한약(영),etc,35,750,한국,,리큐르/기타,thesool,true
비왈츠 오리지널,미더리봉자,etc,10,500,한국,,리큐르/기타,thesool,true
한알한알,파머스맥주 (주) 농업회사법인,etc,4.5,500,한국,,리큐르/기타,thesool,true
금군 아카시아주,금군양조,etc,11,300,한국,,리큐르/기타,thesool,true
SSOA-포도,㈜포천조술당,etc,5,355,한국,,리큐르/기타,thesool,true
폭스앤홉스,문경주조,etc,9,500,한국,,리큐르/기타,thesool,true
뉴룩 얼그레이향,농업회사법인 뉴룩 주식회사,etc,4,500,한국,,리큐르/기타,thesool,true
설궁,솔래원,etc,30,700,한국,,리큐르/기타,thesool,true
드랍더비트,제주왕지케,etc,14,375,한국,,리큐르/기타,thesool,true
금군꽃술 국화주,금군양조,etc,11,300,한국,,리큐르/기타,thesool,true
레이지 스프링,부즈앤버즈 미더리,etc,6,375,한국,,리큐르/기타,thesool,true
JMT 자두,농업회사법인 가야주조㈜,etc,16,375,한국,,리큐르/기타,thesool,true
애피소드호프,㈜한국애플리즈,etc,3.5,500,한국,,리큐르/기타,thesool,true
바나나 주,조은술 세종,etc,4,750,한국,,리큐르/기타,thesool,true
매아랑,하동매실 영농조합법인,etc,10.7,750,한국,,리큐르/기타,thesool,true
건강한 요리술 500,오산양조,etc,14,500,한국,,리큐르/기타,thesool,true
담솔,솔송주,etc,40,375,한국,,리큐르/기타,thesool,true
이담,배혜정도가,etc,55,700,한국,,리큐르/기타,thesool,true
진쾌남,사곡양조장,etc,25,330,한국,,리큐르/기타,thesool,true
코아베스트 보쉐,농업회사법인(주)코아베스트 브루잉,etc,11.5,375,한국,,리큐르/기타,thesool,true
비긴나인틴,농업회사법인 ㈜한국애플리즈,etc,19,375,한국,,리큐르/기타,thesool,true
밀담40,농업회사법인 ㈜착한농부,etc,40,360,한국,,리큐르/기타,thesool,true
오크블루,한산소곡주,etc,43,500,한국,,리큐르/기타,thesool,true
ULSSIGO 얼씨고,까치설,etc,30,750,한국,,리큐르/기타,thesool,true
금과 명주,㈜한국애플리즈,etc,40,750,한국,,리큐르/기타,thesool,true
서울의 밤,더한주류,etc,25,375,한국,,리큐르/기타,thesool,true
백운 복분자 와인,백운주가,etc,11,360,한국,,리큐르/기타,thesool,true
호담 300ml,대농바이오우리산삼,etc,20,300,한국,,리큐르/기타,thesool,true
아이엠더문,조은술 세종,etc,17,375,한국,,리큐르/기타,thesool,true
블링블링 바다별고래,영덕주조,etc,15,360,한국,,리큐르/기타,thesool,true
매실탁테일,배혜정도가,etc,7,375,한국,,리큐르/기타,thesool,true
시작,부즈앤버즈 미더리,etc,9,375,한국,,리큐르/기타,thesool,true
제주몬순커피주,제주커피수목원,etc,11,200,한국,,리큐르/기타,thesool,true
경기전,전주술로시티,etc,5,1000,한국,,리큐르/기타,thesool,true
여유25,농업회사법인 (유)양촌양조,etc,25,375,한국,,리큐르/기타,thesool,true
코아베스트 배럴 에이징 보쉐,농업회사법인 주식회사 코아베스트,etc,11.5,375,한국,,리큐르/기타,thesool,true
나 와인,영농법인에스비케이조합,etc,10,500,한국,,리큐르/기타,thesool,true
동강더덕주,영월더덕영농조합법인,etc,20,360,한국,,리큐르/기타,thesool,true
백운복분자주,백운주가,etc,13,360,한국,,리큐르/기타,thesool,true
꿀샘 16,술샘,etc,16,375,한국,,리큐르/기타,thesool,true
우리WRY 과하주,농업회사법인 주식회사 우리서막,etc,18,700,한국,,리큐르/기타,thesool,true
허니문,아이비영농조합법인,etc,10,375,한국,,리큐르/기타,thesool,true
한비 무병장수술,제천한약(영),etc,35,375,한국,,리큐르/기타,thesool,true
솔송주 프리미엄,솔송주,etc,40,700,한국,,리큐르/기타,thesool,true
송화백일주,송화양조원,etc,38,700,한국,,리큐르/기타,thesool,true
산내울 복분자주,거창사과원예농협,etc,16,750,한국,,리큐르/기타,thesool,true
불소곡주,한산소곡주,etc,43,700,한국,,리큐르/기타,thesool,true
구기홍주 360,농업회사법인 아리랑주조,etc,14,360,한국,,리큐르/기타,thesool,true
우도 땅콩 전통주,조은술 세종,etc,6,750,한국,,리큐르/기타,thesool,true
블링블링 바다별,영덕주조,etc,15,375,한국,,리큐르/기타,thesool,true
무박이일,왕지케양조장,etc,14,375,한국,,리큐르/기타,thesool,true
비왈츠 로지,미더리봉자,etc,8,500,한국,,리큐르/기타,thesool,true
청혼 레드25,제이앤제이브루어리유한회사,etc,25,375,한국,,리큐르/기타,thesool,true
오매락퍽,배상면주가,etc,40,500,한국,,리큐르/기타,thesool,true
긴밤을 지나,더한주조,etc,12,360,한국,,리큐르/기타,thesool,true
제주감귤주 귤로만,제주와이너리,etc,7,750,한국,,리큐르/기타,thesool,true
두레앙 브랜디,농업회사법인(주)두레양조,etc,35,750,한국,,리큐르/기타,thesool,true
뱁새,이쁜꽃양조장,etc,23,375,한국,,리큐르/기타,thesool,true
블링블링 노을별,영덕주조,etc,15,375,한국,,리큐르/기타,thesool,true
메로니아,배혜정도가,etc,4,750,한국,,리큐르/기타,thesool,true
뉴룩 레몬향,농업회사법인 뉴룩 주식회사,etc,4,500,한국,,리큐르/기타,thesool,true
오매락 25,배상면주가,etc,25,375,한국,,리큐르/기타,thesool,true
배도가 심플리 애플,배혜정도가,etc,12,350,한국,,리큐르/기타,thesool,true
사워보쉐,농업회사법인 주식회사 코아베스트,etc,10.5,375,한국,,리큐르/기타,thesool,true
과하주23,김천과하주,etc,23,400,한국,,리큐르/기타,thesool,true
고소리술,제주샘주,etc,29,375,한국,,리큐르/기타,thesool,true
건강한 요리술 900,오산양조,etc,14,900,한국,,리큐르/기타,thesool,true
원매,더한주류,etc,15,750,한국,,리큐르/기타,thesool,true
